Series Name,Series Code,Country Name,Country Code,2000 [YR2000],2001 [YR2001],2002 [YR2002],2003 [YR2003],2004 [YR2004],2005 [YR2005],2006 [YR2006],2007 [YR2007],2008 [YR2008],2009 [YR2009],2010 [YR2010],2011 [YR2011],2012 [YR2012],2013 [YR2013],2014 [YR2014],2015 [YR2015],2016 [YR2016],2017 [YR2017],2018 [YR2018],2019 [YR2019],2020 [YR2020],2021 [YR2021],2022 [YR2022],2023 [YR2023]
"Fertility rate, total (births per woman)",SP.DYN.TFRT.IN,Afghanistan,AFG,7.534,7.446,7.339,7.22,7.069,6.905,6.722,6.53,6.376,6.235,6.099,5.958,5.83,5.696,5.56,5.405,5.262,5.129,5.002,4.87,4.75,4.643,..,..
"Fertility rate, total (births per woman)",SP.DYN.TFRT.IN,Albania,ALB,2.231,2.15,2.036,1.978,1.89,1.803,1.724,1.671,1.648,1.647,1.656,1.671,1.692,1.697,1.674,1.613,1.551,1.491,1.44,1.414,1.4,1.39,..,..
"Fertility rate, total (births per woman)",SP.DYN.TFRT.IN,Algeria,DZA,2.566,2.507,2.456,2.481,2.512,2.555,2.604,2.677,2.753,2.813,2.843,2.88,2.956,2.957,3.004,3.041,3.051,3.05,3.023,2.988,2.942,2.889,..,..
"Fertility rate, total (births per woman)",SP.DYN.TFRT.IN,American Samoa,ASM,..,..,..,..,..,..,..,..,..,..,..,..,..,..,..,..,..,..,..,..,..,..,..,..
"Fertility rate, total (births per woman)",SP.DYN.TFRT.IN,Andorra,AND,..,..,..,..,..,..,1.24,1.18,1.25,1.19,1.27,..,..,..,..,..,..,..,..,..,..,..,..,..
"Fertility rate, total (births per woman)",SP.DYN.TFRT.IN,Angola,AGO,6.639,6.601,6.567,6.533,6.499,6.461,6.419,6.372,6.32,6.26,6.194,6.12,6.039,5.953,5.864,5.774,5.686,5.6,5.519,5.442,5.371,5.304,..,..
"Fertility rate, total (births per woman)",SP.DYN.TFRT.IN,Antigua and Barbuda,ATG,2.196,2.018,1.94,1.887,1.852,1.832,1.831,1.86,2.042,2.006,1.785,1.746,1.655,1.537,1.526,1.567,1.458,1.485,1.371,1.468,1.569,1.58,..,..
"Fertility rate, total (births per woman)",SP.DYN.TFRT.IN,Argentina,ARG,2.591,2.531,2.493,2.451,2.43,2.426,2.4,2.37,2.341,2.344,2.346,2.338,2.33,2.322,2.312,2.301,2.241,2.168,2.039,1.994,1.911,1.885,..,..
"Fertility rate, total (births per woman)",SP.DYN.TFRT.IN,Armenia,ARM,1.603,1.544,1.525,1.534,1.541,1.54,1.349,1.418,1.441,1.551,1.501,1.5,1.6,1.6,1.703,1.602,1.626,1.562,1.572,1.575,1.575,1.575,..,..
"Fertility rate, total (births per woman)",SP.DYN.TFRT.IN,Aruba,ABW,1.904,1.833,1.763,1.747,1.683,1.777,1.909,1.928,1.935,1.919,1.941,1.962,2.028,2.117,2.148,1.972,1.953,1.839,1.587,1.486,1.325,1.18,..,..
"Fertility rate, total (births per woman)",SP.DYN.TFRT.IN,Australia,AUS,1.756,1.739,1.756,1.748,1.768,1.807,1.908,1.959,1.984,1.971,1.928,1.926,1.92,1.855,1.826,1.814,1.752,1.741,1.74,1.657,1.581,1.7,..,..
"Fertility rate, total (births per woman)",SP.DYN.TFRT.IN,Austria,AUT,1.36,1.33,1.39,1.38,1.42,1.41,1.41,1.38,1.42,1.39,1.44,1.43,1.44,1.44,1.46,1.49,1.53,1.52,1.47,1.46,1.44,1.48,..,..
"Fertility rate, total (births per woman)",SP.DYN.TFRT.IN,Azerbaijan,AZE,2,1.8,1.8,1.9,2.0535,2,1.97,1.97,1.9,1.82,1.92,1.96,2,1.98,1.97,1.94,1.9,1.75,1.73,1.81,1.7,1.52,..,..
"Fertility rate, total (births per woman)",SP.DYN.TFRT.IN,"Bahamas, The",BHS,2.097,2.088,1.998,1.921,1.932,2.05,1.786,1.852,1.99,2.009,1.835,1.739,1.744,1.51,1.673,1.576,1.496,1.426,1.412,1.398,1.394,1.389,..,..
"Fertility rate, total (births per woman)",SP.DYN.TFRT.IN,Bahrain,BHR,2.778,2.664,2.69,2.727,2.71,2.619,2.455,2.289,2.172,2.087,2.053,2.093,2.161,2.164,2.158,2.131,2.073,2.006,1.93,1.857,1.832,1.811,..,..
"Fertility rate, total (births per woman)",SP.DYN.TFRT.IN,Bangladesh,BGD,3.218,3.146,3.084,3.002,2.914,2.808,2.712,2.626,2.535,2.44,2.34,2.262,2.209,2.184,2.152,2.114,2.097,2.043,2.04,2.031,2.003,1.981,..,..
"Fertility rate, total (births per woman)",SP.DYN.TFRT.IN,Barbados,BRB,1.775,1.785,1.793,1.797,1.795,1.788,1.775,1.757,1.735,1.711,1.687,1.665,1.645,1.63,1.62,1.614,1.613,1.615,1.619,1.623,1.628,1.633,..,..
"Fertility rate, total (births per woman)",SP.DYN.TFRT.IN,Belarus,BLR,1.317,1.286,1.24,1.232,1.233,1.252,1.335,1.429,1.488,1.509,1.494,1.515,1.62,1.668,1.696,1.724,1.733,1.541,1.448,1.382,1.474,1.483,..,..
"Fertility rate, total (births per woman)",SP.DYN.TFRT.IN,Belgium,BEL,1.67,1.67,1.65,1.67,1.72,1.76,1.8,1.82,1.85,1.84,1.86,1.81,1.8,1.76,1.74,1.7,1.68,1.65,1.62,1.6,1.55,1.6,..,..
"Fertility rate, total (births per woman)",SP.DYN.TFRT.IN,Belize,BLZ,3.634,3.554,3.465,3.321,3.207,3.129,2.982,2.874,2.799,2.701,2.606,2.585,2.555,2.53,2.491,2.438,2.394,2.36,2.345,2.106,1.999,2.01,..,..
"Fertility rate, total (births per woman)",SP.DYN.TFRT.IN,Benin,BEN,5.89,5.824,5.777,5.77,5.721,5.676,5.636,5.563,5.483,5.436,5.39,5.366,5.347,5.345,5.348,5.319,5.303,5.269,5.199,5.13,5.048,4.973,..,..
"Fertility rate, total (births per woman)",SP.DYN.TFRT.IN,Bermuda,BMU,1.74,1.75,1.77,1.8,1.78,1.76,1.76,1.76,1.77,1.76,1.7,1.6,1.6,1.6,1.4,1.4,1.4,1.4,1.3,1.3,1.4,1.3,..,..
"Fertility rate, total (births per woman)",SP.DYN.TFRT.IN,Bhutan,BTN,3.414,3.232,3.078,2.916,2.893,2.798,2.669,2.59,2.496,2.381,2.296,2.21,2.138,2.087,2.027,1.957,1.835,1.704,1.569,1.46,1.433,1.413,..,..
"Fertility rate, total (births per woman)",SP.DYN.TFRT.IN,Bolivia,BOL,3.991,3.89,3.802,3.721,3.633,3.558,3.533,3.447,3.364,3.287,3.213,3.143,3.076,3.01,2.947,2.886,2.829,2.777,2.73,2.688,2.651,2.618,..,..
"Fertility rate, total (births per woman)",SP.DYN.TFRT.IN,Bosnia and Herzegovina,BIH,1.283,1.232,1.23,1.22,1.219,1.203,1.186,1.252,1.276,1.299,1.276,1.216,1.29,1.276,1.262,1.289,1.324,1.355,1.384,1.368,1.359,1.35,..,..
"Fertility rate, total (births per woman)",SP.DYN.TFRT.IN,Botswana,BWA,3.312,3.261,3.181,3.11,3.073,3.08,3.091,3.082,3.066,3.045,3.023,2.999,2.981,2.964,2.951,2.942,2.93,2.91,2.903,2.883,2.836,2.791,..,..
"Fertility rate, total (births per woman)",SP.DYN.TFRT.IN,Brazil,BRA,2.255,2.183,2.103,2.023,2.002,1.974,1.927,1.881,1.842,1.825,1.81,1.8,1.767,1.748,1.767,1.777,1.709,1.736,1.749,1.703,1.649,1.641,..,..
"Fertility rate, total (births per woman)",SP.DYN.TFRT.IN,British Virgin Islands,VGB,1.866,1.505,1.24,1.306,1.505,1.341,1.232,1.312,1.282,1.227,1.183,1.269,1.103,1.08,1.237,1.186,0.987,0.872,0.917,0.948,0.976,1.005,..,..
"Fertility rate, total (births per woman)",SP.DYN.TFRT.IN,Brunei Darussalam,BRN,2.346,2.284,2.22,2.154,2.086,2.022,1.969,1.933,1.918,1.921,1.937,1.957,1.973,1.978,1.969,1.947,1.915,1.881,1.848,1.819,1.796,1.778,..,..
"Fertility rate, total (births per woman)",SP.DYN.TFRT.IN,Bulgaria,BGR,1.26,1.21,1.23,1.26,1.33,1.37,1.44,1.49,1.56,1.66,1.57,1.51,1.5,1.48,1.53,1.53,1.54,1.56,1.56,1.58,1.56,1.58,..,..
"Fertility rate, total (births per woman)",SP.DYN.TFRT.IN,Burkina Faso,BFA,6.519,6.431,6.339,6.28,6.216,6.182,6.17,6.11,6.05,5.992,5.936,5.869,5.793,5.697,5.595,5.478,5.324,5.162,5.069,4.971,4.869,4.772,..,..
"Fertility rate, total (births per woman)",SP.DYN.TFRT.IN,Burundi,BDI,6.872,6.849,6.819,6.785,6.746,6.708,6.659,6.588,6.515,6.409,6.26,6.108,5.991,5.889,5.794,5.695,5.587,5.481,5.38,5.271,5.177,5.078,..,..
"Fertility rate, total (births per woman)",SP.DYN.TFRT.IN,Cabo Verde,CPV,3.539,3.399,3.271,3.151,3.038,2.933,2.839,2.757,2.687,2.629,2.474,2.471,2.282,2.198,2.17,2.117,2.123,2.091,1.964,1.932,1.908,1.896,..,..
"Fertility rate, total (births per woman)",SP.DYN.TFRT.IN,Cambodia,KHM,3.772,3.652,3.555,3.442,3.345,3.244,3.145,3.084,2.969,2.871,2.774,2.701,2.664,2.62,2.589,2.55,2.512,2.473,2.435,2.402,2.381,2.344,..,..
"Fertility rate, total (births per woman)",SP.DYN.TFRT.IN,Cameroon,CMR,5.53,5.443,5.458,5.463,5.45,5.407,5.354,5.331,5.278,5.227,5.16,5.058,4.989,4.914,4.855,4.832,4.818,4.774,4.694,4.623,4.543,4.463,..,..
"Fertility rate, total (births per woman)",SP.DYN.TFRT.IN,Canada,CAN,1.51,1.54,1.52,1.55,1.56,1.58,1.63,1.67,1.7,1.69,1.65,1.63,1.63,1.61,1.61,1.6,1.59,1.55,1.51,1.47,1.41,1.43,..,..
"Fertility rate, total (births per woman)",SP.DYN.TFRT.IN,Cayman Islands,CYM,..,..,..,..,..,..,..,..,..,..,..,..,..,..,..,..,..,..,..,..,..,..,..,..
"Fertility rate, total (births per woman)",SP.DYN.TFRT.IN,Central African Republic,CAF,5.915,5.851,5.836,5.852,5.827,5.849,5.867,5.892,5.914,5.922,5.937,5.963,6.006,6.017,6.024,6.035,6.04,6.048,6.037,6.008,5.985,5.978,..,..
"Fertility rate, total (births per woman)",SP.DYN.TFRT.IN,Chad,TCD,7.249,7.231,7.201,7.179,7.16,7.134,7.118,7.092,7.063,7.021,6.99,6.948,6.905,6.839,6.781,6.706,6.623,6.537,6.464,6.412,6.346,6.255,..,..
"Fertility rate, total (births per woman)",SP.DYN.TFRT.IN,Channel Islands,CHI,1.487,1.475,1.469,1.497,1.519,1.542,1.579,1.616,1.648,1.651,1.633,1.626,1.604,1.572,1.556,1.521,1.507,1.466,1.435,1.441,1.447,1.457,..,..
"Fertility rate, total (births per woman)",SP.DYN.TFRT.IN,Chile,CHL,1.987,1.961,1.935,1.873,1.826,1.803,1.803,1.826,1.85,1.855,1.844,1.823,1.798,1.786,1.774,1.737,1.676,1.598,1.564,1.545,1.537,1.537,..,..
"Fertility rate, total (births per woman)",SP.DYN.TFRT.IN,China,CHN,1.628,1.563,1.566,1.57,1.605,1.624,1.644,1.666,1.701,1.714,1.687,1.668,1.798,1.714,1.769,1.67,1.772,1.813,1.554,1.496,1.281,1.164,..,..
"Fertility rate, total (births per woman)",SP.DYN.TFRT.IN,Colombia,COL,2.572,2.516,2.458,2.395,2.33,2.263,2.198,2.137,2.081,2.033,1.992,1.958,1.93,1.905,1.883,1.863,1.843,1.818,1.787,1.765,1.737,1.717,..,..
"Fertility rate, total (births per woman)",SP.DYN.TFRT.IN,Comoros,COM,5.297,5.254,5.206,5.149,5.095,5.03,4.955,4.882,4.826,4.791,4.759,4.721,4.641,4.568,4.492,4.418,4.348,4.278,4.196,4.125,4.052,3.978,..,..
"Fertility rate, total (births per woman)",SP.DYN.TFRT.IN,"Congo, Dem. Rep.",COD,6.718,6.7,6.672,6.64,6.618,6.597,6.59,6.582,6.578,6.591,6.587,6.582,6.559,6.527,6.483,6.437,6.392,6.349,6.302,6.253,6.206,6.156,..,..
"Fertility rate, total (births per woman)",SP.DYN.TFRT.IN,"Congo, Rep.",COG,4.764,4.712,4.719,4.7,4.687,4.663,4.656,4.666,4.733,4.792,4.822,4.791,4.75,4.691,4.626,4.564,4.487,4.433,4.367,4.296,4.234,4.171,..,..
"Fertility rate, total (births per woman)",SP.DYN.TFRT.IN,Costa Rica,CRI,2.412,2.325,2.2,2.137,2.078,2.044,2.014,2.012,2.021,1.982,1.928,1.902,1.876,1.838,1.819,1.79,1.754,1.74,1.709,1.632,1.555,1.533,..,..
"Fertility rate, total (births per woman)",SP.DYN.TFRT.IN,Cote d'Ivoire,CIV,5.814,5.756,5.705,5.642,5.545,5.46,5.376,5.296,5.221,5.152,5.088,5.029,4.974,4.92,4.867,4.813,4.759,4.742,4.611,4.538,4.472,4.418,..,..
"Fertility rate, total (births per woman)",SP.DYN.TFRT.IN,Croatia,HRV,1.39,1.46,1.42,1.41,1.43,1.5,1.47,1.48,1.47,1.5,1.46,1.41,1.52,1.46,1.46,1.41,1.43,1.42,1.47,1.47,1.48,1.62,..,..
"Fertility rate, total (births per woman)",SP.DYN.TFRT.IN,Cuba,CUB,1.581,1.563,1.608,1.589,1.517,1.468,1.39,1.428,1.575,1.688,1.693,1.756,1.681,1.688,1.663,1.694,1.609,1.593,1.631,1.551,1.5,1.442,..,..
"Fertility rate, total (births per woman)",SP.DYN.TFRT.IN,Curacao,CUW,2.19,2.212,2.23,2.241,2.242,2.235,2.1,2,2.2,2.1,2.2,2.1,2.2,2.1,2,1.9,1.7,1.5,1.7,1.6,1.4,1.38390804597701,..,..
"Fertility rate, total (births per woman)",SP.DYN.TFRT.IN,Cyprus,CYP,1.637,1.563,1.498,1.509,1.517,1.48,1.515,1.451,1.48,1.481,1.438,1.36,1.386,1.305,1.315,1.326,1.36,1.322,1.32,1.332,1.328,1.321,..,..
"Fertility rate, total (births per woman)",SP.DYN.TFRT.IN,Czechia,CZE,1.15,1.15,1.17,1.18,1.23,1.29,1.34,1.45,1.51,1.51,1.51,1.43,1.45,1.46,1.53,1.57,1.63,1.69,1.71,1.71,1.71,1.83,..,..
"Fertility rate, total (births per woman)",SP.DYN.TFRT.IN,Denmark,DNK,1.77,1.74,1.72,1.76,1.78,1.8,1.85,1.84,1.89,1.84,1.87,1.75,1.73,1.67,1.69,1.71,1.79,1.75,1.73,1.7,1.68,1.72,..,..
"Fertility rate, total (births per woman)",SP.DYN.TFRT.IN,Djibouti,DJI,4.578,4.496,4.379,4.247,4.113,3.992,3.855,3.724,3.589,3.487,3.39,3.305,3.237,3.178,3.112,3.066,3.011,2.972,2.929,2.891,2.848,2.804,..,..
"Fertility rate, total (births per woman)",SP.DYN.TFRT.IN,Dominica,DMA,2.351,2.542,2.276,2.169,2.125,2.105,2.158,2.094,2.027,1.96,1.915,1.871,1.824,1.772,1.734,1.694,1.657,1.629,1.617,1.611,1.597,1.595,..,..
"Fertility rate, total (births per woman)",SP.DYN.TFRT.IN,Dominican Republic,DOM,2.859,2.812,2.774,2.721,2.664,2.605,2.533,2.51,2.533,2.556,2.538,2.513,2.485,2.466,2.445,2.43,2.406,2.39,2.381,2.344,2.303,2.273,..,..
"Fertility rate, total (births per woman)",SP.DYN.TFRT.IN,Ecuador,ECU,3.102,3.037,2.972,2.911,2.853,2.8,2.753,2.711,2.675,2.643,2.615,2.596,2.517,2.419,2.335,2.26,2.201,2.174,2.133,2.088,2.051,2.026,..,..
"Fertility rate, total (births per woman)",SP.DYN.TFRT.IN,"Egypt, Arab Rep.",EGY,3.442,3.394,3.318,3.261,3.181,3.151,3.109,3.12,3.101,3.108,3.213,3.247,3.335,3.419,3.441,3.436,3.203,3.151,3.098,3.001,2.96,2.917,..,..
"Fertility rate, total (births per woman)",SP.DYN.TFRT.IN,El Salvador,SLV,3.14,2.977,2.809,2.675,2.546,2.455,2.393,2.335,2.291,2.261,2.239,2.224,2.187,2.154,2.126,2.067,1.965,1.896,1.849,1.838,1.819,1.803,..,..
"Fertility rate, total (births per woman)",SP.DYN.TFRT.IN,Equatorial Guinea,GNQ,5.834,5.785,5.731,5.675,5.618,5.559,5.498,5.433,5.363,5.288,5.209,5.126,5.04,4.952,4.863,4.774,4.686,4.599,4.513,4.429,4.346,4.266,..,..
"Fertility rate, total (births per woman)",SP.DYN.TFRT.IN,Eritrea,ERI,5.397,5.306,5.233,5.143,5.036,4.934,4.881,4.812,4.737,4.656,4.571,4.486,4.407,4.335,4.273,4.217,4.164,4.112,4.056,3.997,3.933,3.867,..,..
"Fertility rate, total (births per woman)",SP.DYN.TFRT.IN,Estonia,EST,1.36,1.32,1.36,1.37,1.47,1.52,1.58,1.69,1.72,1.7,1.72,1.61,1.56,1.52,1.54,1.58,1.6,1.59,1.67,1.66,1.58,1.61,..,..
"Fertility rate, total (births per woman)",SP.DYN.TFRT.IN,Eswatini,SWZ,3.996,3.9,3.805,3.757,3.731,3.682,3.617,3.564,3.536,3.473,3.356,3.299,3.255,3.226,3.174,3.117,3.068,3.015,2.962,2.921,2.89,2.839,..,..
"Fertility rate, total (births per woman)",SP.DYN.TFRT.IN,Ethiopia,ETH,6.56,6.463,6.374,6.24,6.107,5.973,5.853,5.74,5.571,5.39,5.217,5.05,4.883,4.724,4.609,4.531,4.469,4.39,4.343,4.323,4.243,4.159,..,..
"Fertility rate, total (births per woman)",SP.DYN.TFRT.IN,Faroe Islands,FRO,2.582,2.336,2.559,2.54,2.592,2.637,2.503,2.566,2.579,2.375,2.514,2.311,2.572,2.537,2.563,2.427,2.625,2.479,2.501,2.408,2.323,2.293,..,..
"Fertility rate, total (births per woman)",SP.DYN.TFRT.IN,Fiji,FJI,3.026,2.999,2.976,2.956,2.924,2.885,2.911,2.886,2.859,2.806,2.746,2.685,2.666,2.662,2.657,2.642,2.605,2.557,2.53,2.519,2.495,2.475,..,..
"Fertility rate, total (births per woman)",SP.DYN.TFRT.IN,Finland,FIN,1.73,1.73,1.72,1.76,1.8,1.8,1.84,1.83,1.85,1.86,1.87,1.83,1.8,1.75,1.71,1.65,1.57,1.49,1.41,1.35,1.37,1.46,..,..
"Fertility rate, total (births per woman)",SP.DYN.TFRT.IN,France,FRA,1.89,1.9,1.88,1.89,1.92,1.94,2,1.98,2.01,2,2.03,2.01,2.01,1.99,2,1.96,1.92,1.89,1.87,1.86,1.83,1.83,..,..
"Fertility rate, total (births per woman)",SP.DYN.TFRT.IN,French Polynesia,PYF,2.596,2.521,2.427,2.266,2.202,2.188,2.218,2.133,2.193,2.146,2.162,2.066,2.026,1.946,1.959,1.905,1.852,1.804,1.789,1.712,1.705,1.699,..,..
"Fertility rate, total (births per woman)",SP.DYN.TFRT.IN,Gabon,GAB,4.469,4.417,4.36,4.299,4.252,4.21,4.17,4.142,4.118,4.138,4.153,4.151,4.086,4.019,3.953,3.889,3.817,3.752,3.679,3.615,3.548,3.491,..,..
"Fertility rate, total (births per woman)",SP.DYN.TFRT.IN,"Gambia, The",GMB,5.801,5.752,5.728,5.699,5.705,5.719,5.757,5.734,5.708,5.685,5.669,5.64,5.586,5.51,5.416,5.314,5.197,5.091,4.972,4.869,4.777,4.684,..,..
"Fertility rate, total (births per woman)",SP.DYN.TFRT.IN,Georgia,GEO,1.601,1.57,1.563,1.55,1.592,1.61,1.622,1.674,1.762,1.871,1.919,1.918,1.938,2.017,2.115,2.204,2.198,2.144,2.114,2.011,1.971,2.081,..,..
"Fertility rate, total (births per woman)",SP.DYN.TFRT.IN,Germany,DEU,1.38,1.35,1.34,1.34,1.36,1.34,1.33,1.37,1.38,1.36,1.39,1.39,1.41,1.42,1.47,1.5,1.6,1.57,1.57,1.54,1.53,1.58,..,..
"Fertility rate, total (births per woman)",SP.DYN.TFRT.IN,Ghana,GHA,4.854,4.794,4.723,4.627,4.531,4.538,4.41,4.307,4.25,4.214,4.206,4.193,4.183,4.136,4.05,4.05,3.911,3.713,3.731,3.683,3.623,3.563,..,..
"Fertility rate, total (births per woman)",SP.DYN.TFRT.IN,Gibraltar,GIB,1.919,1.8,1.666,1.659,1.678,1.697,1.713,1.736,1.762,1.797,1.838,1.872,1.893,1.834,2.014,2.186,1.94,1.895,1.879,1.863,1.855,1.848,..,..
"Fertility rate, total (births per woman)",SP.DYN.TFRT.IN,Greece,GRC,1.25,1.25,1.28,1.29,1.31,1.34,1.4,1.41,1.5,1.5,1.48,1.4,1.34,1.29,1.3,1.33,1.38,1.35,1.35,1.34,1.39,1.39,..,..
"Fertility rate, total (births per woman)",SP.DYN.TFRT.IN,Greenland,GRL,2.329,2.51,2.566,2.372,2.415,2.377,2.256,2.299,2.247,2.359,2.195,2.117,2.019,2.077,2.037,2.01,2,2.09,2,2.08,2.019,1.8,..,..
"Fertility rate, total (births per woman)",SP.DYN.TFRT.IN,Grenada,GRD,2.582,2.512,2.455,2.409,2.373,2.344,2.321,2.301,2.282,2.262,2.24,2.217,2.194,2.171,2.148,2.126,2.104,2.083,2.063,2.042,2.023,2.004,..,..
"Fertility rate, total (births per woman)",SP.DYN.TFRT.IN,Guam,GUM,3.007,2.957,2.706,2.782,2.913,2.763,2.942,3.034,3.02,2.987,2.973,2.865,3.115,2.874,2.943,2.922,2.952,2.805,2.671,2.623,2.593,2.569,..,..
"Fertility rate, total (births per woman)",SP.DYN.TFRT.IN,Guatemala,GTM,4.583,4.502,4.371,4.25,4.134,3.974,3.845,3.716,3.571,3.465,3.375,3.292,3.219,3.151,3.088,3.029,2.973,2.857,2.743,2.61,2.484,2.395,..,..
"Fertility rate, total (births per woman)",SP.DYN.TFRT.IN,Guinea,GIN,5.936,5.85,5.793,5.737,5.719,5.698,5.659,5.617,5.558,5.508,5.397,5.296,5.195,5.116,5.049,5.022,4.926,4.789,4.669,4.576,4.489,4.399,..,..
"Fertility rate, total (births per woman)",SP.DYN.TFRT.IN,Guinea-Bissau,GNB,5.72,5.63,5.612,5.566,5.5,5.454,5.417,5.399,5.274,5.152,5.061,5.047,5.003,4.937,4.802,4.671,4.531,4.358,4.263,4.172,4.094,4.005,..,..
"Fertility rate, total (births per woman)",SP.DYN.TFRT.IN,Guyana,GUY,3.017,2.992,2.961,2.924,2.883,2.84,2.797,2.755,2.718,2.684,2.655,2.63,2.606,2.582,2.558,2.534,2.509,2.485,2.462,2.44,2.418,2.397,..,..
"Fertility rate, total (births per woman)",SP.DYN.TFRT.IN,Haiti,HTI,4.39,4.248,4.125,4.038,3.939,3.833,3.735,3.643,3.567,3.508,3.47,3.411,3.302,3.216,3.157,3.108,3.062,3.016,2.959,2.919,2.869,2.814,..,..
"Fertility rate, total (births per woman)",SP.DYN.TFRT.IN,Honduras,HND,4.237,4.098,3.956,3.815,3.677,3.545,3.419,3.296,3.177,3.063,2.957,2.86,2.774,2.699,2.635,2.581,2.536,2.496,2.46,2.427,2.394,2.363,..,..
"Fertility rate, total (births per woman)",SP.DYN.TFRT.IN,"Hong Kong SAR, China",HKG,1.032,0.931,0.941,0.901,0.922,0.959,0.984,1.028,1.064,1.055,1.127,1.204,1.285,1.125,1.235,1.196,1.205,1.128,1.08,1.064,0.883,0.772,..,..
"Fertility rate, total (births per woman)",SP.DYN.TFRT.IN,Hungary,HUN,1.32,1.31,1.3,1.27,1.28,1.31,1.34,1.32,1.35,1.32,1.25,1.23,1.34,1.35,1.44,1.45,1.53,1.54,1.55,1.55,1.59,1.59,..,..
"Fertility rate, total (births per woman)",SP.DYN.TFRT.IN,Iceland,ISL,2.08,1.95,1.93,1.99,2.04,2.05,2.08,2.09,2.15,2.23,2.2,2.02,2.04,1.93,1.93,1.8,1.74,1.71,1.71,1.74,1.72,1.82,..,..
"Fertility rate, total (births per woman)",SP.DYN.TFRT.IN,India,IND,3.35,3.303,3.217,3.122,3.046,2.958,2.864,2.784,2.718,2.673,2.603,2.536,2.467,2.406,2.306,2.287,2.273,2.2,2.177,2.109,2.051,2.031,..,..
"Fertility rate, total (births per woman)",SP.DYN.TFRT.IN,Indonesia,IDN,2.536,2.497,2.456,2.428,2.418,2.433,2.453,2.491,2.479,2.459,2.452,2.499,2.49,2.427,2.389,2.345,2.309,2.262,2.234,2.215,2.194,2.175,..,..
"Fertility rate, total (births per woman)",SP.DYN.TFRT.IN,"Iran, Islamic Rep.",IRN,2.016,1.94,1.865,1.824,1.796,1.775,1.771,1.768,1.767,1.766,1.768,1.8,1.886,1.961,2.036,2.053,2.07,2.074,1.968,1.77,1.708,1.692,..,..
"Fertility rate, total (births per woman)",SP.DYN.TFRT.IN,Iraq,IRQ,4.948,4.837,4.706,4.615,4.575,4.475,4.436,4.371,4.342,4.362,4.429,4.536,4.477,4.378,4.283,4.09,3.9,3.73,3.659,3.604,3.551,3.496,..,..
"Fertility rate, total (births per woman)",SP.DYN.TFRT.IN,Ireland,IRL,1.89,1.94,1.97,1.96,1.93,1.86,1.91,2.01,2.06,2.06,2.05,2.03,1.98,1.93,1.89,1.85,1.81,1.77,1.75,1.71,1.63,1.72,..,..
"Fertility rate, total (births per woman)",SP.DYN.TFRT.IN,Isle of Man,IMN,1.694,1.778,1.853,1.767,1.762,1.851,1.894,1.939,2.066,2.19,2.17,1.956,1.885,1.853,1.737,1.711,1.691,1.677,1.621,1.614,1.569,1.564,..,..
"Fertility rate, total (births per woman)",SP.DYN.TFRT.IN,Israel,ISR,2.95,2.92,2.89,2.95,2.9,2.84,2.88,2.9,2.96,2.96,3.03,2.98,3.05,3.03,3.08,3.09,3.11,3.11,3.09,3.01,2.9,3,..,..
"Fertility rate, total (births per woman)",SP.DYN.TFRT.IN,Italy,ITA,1.26,1.25,1.27,1.29,1.34,1.34,1.37,1.4,1.45,1.45,1.46,1.44,1.43,1.39,1.37,1.35,1.34,1.32,1.29,1.27,1.24,1.25,..,..
"Fertility rate, total (births per woman)",SP.DYN.TFRT.IN,Jamaica,JAM,2.21,2.173,2.149,2.13,2.127,2.063,2.069,1.908,1.89,1.864,1.742,1.728,1.696,1.636,1.569,1.588,1.516,1.44,1.388,1.37,1.358,1.352,..,..
"Fertility rate, total (births per woman)",SP.DYN.TFRT.IN,Japan,JPN,1.36,1.33,1.32,1.29,1.29,1.26,1.32,1.34,1.37,1.37,1.39,1.39,1.41,1.43,1.42,1.45,1.44,1.43,1.42,1.36,1.33,1.3,..,..
"Fertility rate, total (births per woman)",SP.DYN.TFRT.IN,Jordan,JOR,3.921,3.853,3.832,3.838,3.801,3.779,3.802,3.847,3.892,3.842,3.778,3.681,3.559,3.436,3.31,3.175,3.077,3.027,2.973,2.918,2.873,2.83,..,..
"Fertility rate, total (births per woman)",SP.DYN.TFRT.IN,Kazakhstan,KAZ,1.8,1.9,2,2.03,2.21,2.22,2.36,2.47,2.68,2.55,2.59,2.59,2.62,2.64,2.73,2.74,2.77,2.75,2.84,2.9,3.13,3.32,..,..
"Fertility rate, total (births per woman)",SP.DYN.TFRT.IN,Kenya,KEN,5.137,5.091,5.016,4.907,4.83,4.784,4.748,4.719,4.646,4.514,4.367,4.219,4.088,3.952,3.844,3.8,3.724,3.643,3.58,3.469,3.397,3.335,..,..
"Fertility rate, total (births per woman)",SP.DYN.TFRT.IN,Kiribati,KIR,4.065,3.958,3.847,3.744,3.781,3.799,3.837,3.879,3.905,3.889,3.876,3.857,3.774,3.689,3.599,3.53,3.471,3.431,3.41,3.368,3.333,3.304,..,..
"Fertility rate, total (births per woman)",SP.DYN.TFRT.IN,"Korea, Dem. People's Rep.",PRK,1.969,1.981,1.943,1.914,1.962,1.955,1.958,1.956,1.977,1.951,1.809,1.811,1.836,1.86,1.885,1.884,1.87,1.857,1.845,1.84,1.818,1.809,..,..
"Fertility rate, total (births per woman)",SP.DYN.TFRT.IN,"Korea, Rep.",KOR,1.48,1.309,1.178,1.191,1.164,1.085,1.132,1.259,1.192,1.149,1.226,1.244,1.297,1.187,1.205,1.239,1.172,1.052,0.977,0.918,0.837,0.808,..,..
"Fertility rate, total (births per woman)",SP.DYN.TFRT.IN,Kosovo,XKX,2.66,2.622,2.533,2.28,2.461,2.609,2.429,2.357,2.444,2.437,2.426,1.992,2.001,2.098,1.871,1.751,1.658,1.649,1.605,1.546,1.529,1.522,..,..
"Fertility rate, total (births per woman)",SP.DYN.TFRT.IN,Kuwait,KWT,2.737,2.715,2.693,2.691,2.686,2.662,2.603,2.516,2.422,2.34,2.257,2.2,2.168,2.153,2.156,2.16,2.157,2.161,2.165,2.159,2.14,2.11,..,..
"Fertility rate, total (births per woman)",SP.DYN.TFRT.IN,Kyrgyz Republic,KGZ,2.4,2.4,2.4,2.5,2.6,2.5,2.7,2.7,2.8,2.9,3.1,3.1,3.2,3.1,3.2,3.2,3.1,3,3.3,3.3,3,2.89,..,..
"Fertility rate, total (births per woman)",SP.DYN.TFRT.IN,Lao PDR,LAO,4.4,4.209,4.037,3.911,3.808,3.673,3.597,3.494,3.375,3.264,3.145,3.049,2.953,2.872,2.802,2.766,2.722,2.671,2.619,2.571,2.541,2.496,..,..
"Fertility rate, total (births per woman)",SP.DYN.TFRT.IN,Latvia,LVA,1.25,1.22,1.26,1.32,1.29,1.39,1.46,1.54,1.58,1.46,1.36,1.33,1.44,1.52,1.65,1.7,1.74,1.69,1.6,1.61,1.55,1.57,..,..
"Fertility rate, total (births per woman)",SP.DYN.TFRT.IN,Lebanon,LBN,2.499,2.462,2.41,2.345,2.27,2.203,2.157,2.11,2.081,2.085,2.126,2.162,2.169,2.172,2.182,2.178,2.183,2.173,2.148,2.13,2.103,2.091,..,..
"Fertility rate, total (births per woman)",SP.DYN.TFRT.IN,Lesotho,LSO,3.658,3.657,3.677,3.635,3.519,3.438,3.43,3.441,3.408,3.318,3.249,3.318,3.305,3.334,3.288,3.264,3.239,3.187,3.139,3.094,3.049,3.018,..,..
"Fertility rate, total (births per woman)",SP.DYN.TFRT.IN,Liberia,LBR,5.875,5.774,5.653,5.547,5.506,5.519,5.53,5.462,5.328,5.174,5.058,4.97,4.881,4.749,4.622,4.523,4.461,4.396,4.336,4.257,4.174,4.089,..,..
"Fertility rate, total (births per woman)",SP.DYN.TFRT.IN,Libya,LBY,2.851,2.971,2.911,2.857,2.808,2.765,2.699,2.648,2.599,2.556,2.603,2.646,2.68,2.716,2.754,2.711,2.673,2.626,2.581,2.539,2.507,2.462,..,..
"Fertility rate, total (births per woman)",SP.DYN.TFRT.IN,Liechtenstein,LIE,1.57,1.52,1.47,1.36,1.44,1.49,1.43,1.42,1.43,1.71,1.4,1.69,1.51,1.45,1.59,1.4,1.61,1.44,1.58,1.48,1.46,1.53,..,..
"Fertility rate, total (births per woman)",SP.DYN.TFRT.IN,Lithuania,LTU,1.39,1.29,1.23,1.26,1.27,1.29,1.33,1.36,1.45,1.5,1.5,1.55,1.6,1.59,1.63,1.7,1.69,1.63,1.63,1.61,1.48,1.34,..,..
"Fertility rate, total (births per woman)",SP.DYN.TFRT.IN,Luxembourg,LUX,1.76,1.66,1.63,1.62,1.66,1.63,1.65,1.61,1.61,1.59,1.63,1.52,1.57,1.55,1.5,1.47,1.41,1.39,1.38,1.34,1.36,1.38,..,..
"Fertility rate, total (births per woman)",SP.DYN.TFRT.IN,"Macao SAR, China",MAC,0.912,0.84,0.8,0.792,0.8,0.834,0.874,0.918,0.947,0.986,1.042,1.115,1.184,1.199,1.224,1.196,1.175,1.123,1.104,1.077,1.072,1.088,..,..
"Fertility rate, total (births per woman)",SP.DYN.TFRT.IN,Madagascar,MDG,5.403,5.323,5.225,5.172,5.133,5.095,5.056,4.997,4.933,4.87,4.755,4.607,4.466,4.358,4.247,4.183,4.163,4.109,4.043,3.978,3.918,3.851,..,..
"Fertility rate, total (births per woman)",SP.DYN.TFRT.IN,Malawi,MWI,6.036,5.993,5.96,5.942,5.93,5.91,5.841,5.736,5.605,5.453,5.274,5.106,4.924,4.778,4.612,4.452,4.309,4.22,4.14,4.072,3.995,3.917,..,..
"Fertility rate, total (births per woman)",SP.DYN.TFRT.IN,Malaysia,MYS,2.914,2.757,2.602,2.526,2.415,2.328,2.268,2.227,2.244,2.217,2.144,2.149,2.116,2.089,2.081,2.039,1.978,1.929,1.881,1.834,1.818,1.803,..,..
"Fertility rate, total (births per woman)",SP.DYN.TFRT.IN,Maldives,MDV,2.71,2.519,2.413,2.344,2.284,2.235,2.231,2.295,2.359,2.366,2.318,2.261,2.202,2.123,2.059,1.99,1.913,1.845,1.784,1.736,1.712,1.692,..,..
"Fertility rate, total (births per woman)",SP.DYN.TFRT.IN,Mali,MLI,6.874,6.852,6.821,6.782,6.741,6.716,6.688,6.655,6.642,6.611,6.579,6.545,6.523,6.491,6.441,6.385,6.319,6.251,6.183,6.103,6.035,5.956,..,..
"Fertility rate, total (births per woman)",SP.DYN.TFRT.IN,Malta,MLT,1.68,1.48,1.45,1.48,1.4,1.38,1.36,1.35,1.43,1.42,1.36,1.45,1.42,1.36,1.38,1.37,1.37,1.26,1.23,1.14,1.13,1.14,..,..
"Fertility rate, total (births per woman)",SP.DYN.TFRT.IN,Marshall Islands,MHL,4.592,4.489,4.378,4.292,4.209,4.129,4.056,3.966,3.862,3.757,3.632,3.51,3.389,3.274,3.161,3.063,2.983,2.929,2.877,2.824,2.777,2.729,..,..
"Fertility rate, total (births per woman)",SP.DYN.TFRT.IN,Mauritania,MRT,5.459,5.38,5.287,5.229,5.192,5.19,5.186,5.153,5.153,5.084,5.043,5.028,4.986,4.942,4.886,4.813,4.741,4.664,4.607,4.521,4.455,4.398,..,..
"Fertility rate, total (births per woman)",SP.DYN.TFRT.IN,Mauritius,MUS,1.99,1.91,1.94,1.87,1.92,1.88,1.77,1.74,1.67,1.59,1.57,1.55,1.54,1.44,1.43,1.36,1.4,1.44,1.41,1.4,1.44,1.41,..,..
"Fertility rate, total (births per woman)",SP.DYN.TFRT.IN,Mexico,MEX,2.716,2.669,2.623,2.579,2.536,2.495,2.456,2.421,2.391,2.364,2.34,2.317,2.294,2.269,2.211,2.137,2.086,2.041,1.996,1.916,1.905,1.822,..,..
"Fertility rate, total (births per woman)",SP.DYN.TFRT.IN,"Micronesia, Fed. Sts.",FSM,4.279,4.116,3.961,3.82,3.706,3.598,3.489,3.409,3.345,3.295,3.236,3.18,3.13,3.087,3.032,2.971,2.942,2.893,2.84,2.801,2.754,2.711,..,..
"Fertility rate, total (births per woman)",SP.DYN.TFRT.IN,Moldova,MDA,1.499,1.463,1.437,1.48,1.539,1.531,1.541,1.574,1.638,1.704,1.698,1.66,1.659,1.654,1.822,1.868,1.89,1.81,1.809,1.78,1.77,1.806,..,..
"Fertility rate, total (births per woman)",SP.DYN.TFRT.IN,Monaco,MCO,..,..,..,..,..,..,..,..,..,..,..,..,..,..,..,..,..,..,..,..,..,..,..,..
"Fertility rate, total (births per woman)",SP.DYN.TFRT.IN,Mongolia,MNG,2.255,2.195,2.13,2.051,2.017,2.028,2.13,2.297,2.446,2.533,2.513,2.602,2.739,2.897,2.996,3.01,2.957,2.891,2.923,2.937,2.9,2.837,..,..
"Fertility rate, total (births per woman)",SP.DYN.TFRT.IN,Montenegro,MNE,2.065,1.854,1.801,1.861,1.751,1.69,1.73,1.8,1.89,1.98,1.7,1.65,1.72,1.73,1.75,1.74,1.79,1.78,1.76,1.77,1.75,1.75,..,..
"Fertility rate, total (births per woman)",SP.DYN.TFRT.IN,Morocco,MAR,2.796,2.715,2.67,2.632,2.598,2.568,2.559,2.55,2.549,2.578,2.586,2.609,2.598,2.594,2.548,2.531,2.451,2.451,2.415,2.382,2.353,2.328,..,..
"Fertility rate, total (births per woman)",SP.DYN.TFRT.IN,Mozambique,MOZ,5.812,5.778,5.734,5.733,5.667,5.609,5.55,5.513,5.579,5.626,5.63,5.551,5.451,5.34,5.131,5.062,4.992,4.922,4.852,4.783,4.713,4.644,..,..
"Fertility rate, total (births per woman)",SP.DYN.TFRT.IN,Myanmar,MMR,2.785,2.783,2.782,2.704,2.621,2.552,2.504,2.479,2.428,2.391,2.346,2.312,2.274,2.256,2.24,2.248,2.249,2.234,2.213,2.2,2.174,2.151,..,..
"Fertility rate, total (births per woman)",SP.DYN.TFRT.IN,Namibia,NAM,3.975,3.827,3.716,3.619,3.58,3.56,3.535,3.552,3.587,3.613,3.63,3.658,3.676,3.653,3.635,3.604,3.574,3.511,3.462,3.404,3.349,3.303,..,..
"Fertility rate, total (births per woman)",SP.DYN.TFRT.IN,Nauru,NRU,3.642,3.588,3.533,3.5,3.487,3.501,3.542,3.632,3.722,3.827,3.907,3.948,3.928,3.892,3.857,3.827,3.791,3.731,3.67,3.618,3.571,3.519,..,..
"Fertility rate, total (births per woman)",SP.DYN.TFRT.IN,Nepal,NPL,3.944,3.763,3.59,3.457,3.311,3.142,2.974,2.843,2.719,2.604,2.512,2.439,2.387,2.334,2.293,2.25,2.203,2.15,2.104,2.08,2.055,2.029,..,..
"Fertility rate, total (births per woman)",SP.DYN.TFRT.IN,Netherlands,NLD,1.72,1.71,1.73,1.75,1.72,1.71,1.72,1.72,1.77,1.79,1.79,1.76,1.72,1.68,1.71,1.66,1.66,1.62,1.59,1.57,1.54,1.62,..,..
"Fertility rate, total (births per woman)",SP.DYN.TFRT.IN,New Caledonia,NCL,2.59,2.43,2.33,2.27,2.18,2.2,2.29,2.2,2.2,2.2,2.2,2.15,2.28,2.19,2.17,2.08,2.13,2.04,2.06,2.1,2.04,2.02,..,..
"Fertility rate, total (births per woman)",SP.DYN.TFRT.IN,New Zealand,NZL,1.98,1.97,1.89,1.93,1.98,1.97,2.01,2.18,2.19,2.13,2.17,2.09,2.1,2.01,1.92,1.99,1.87,1.81,1.71,1.72,1.61,1.64,..,..
"Fertility rate, total (births per woman)",SP.DYN.TFRT.IN,Nicaragua,NIC,3.111,3.019,2.941,2.874,2.816,2.767,2.725,2.689,2.657,2.628,2.601,2.575,2.55,2.526,2.503,2.48,2.455,2.43,2.404,2.377,2.349,2.321,..,..
"Fertility rate, total (births per woman)",SP.DYN.TFRT.IN,Niger,NER,7.732,7.695,7.671,7.654,7.634,7.615,7.579,7.559,7.539,7.513,7.485,7.449,7.4,7.344,7.279,7.211,7.141,7.084,7.023,6.961,6.892,6.82,..,..
"Fertility rate, total (births per woman)",SP.DYN.TFRT.IN,Nigeria,NGA,6.124,6.139,6.135,6.116,6.085,6.068,6.081,6.08,6.078,6.039,5.98,5.918,5.832,5.738,5.664,5.616,5.584,5.523,5.447,5.379,5.309,5.237,..,..
"Fertility rate, total (births per woman)",SP.DYN.TFRT.IN,North Macedonia,MKD,1.861,1.735,1.789,1.744,1.529,1.5,1.46,1.46,1.47,1.5,1.6,1.46,1.5,1.5,1.5,1.49,1.5,1.43,1.42,1.34,1.31,1.6,..,..
"Fertility rate, total (births per woman)",SP.DYN.TFRT.IN,Northern Mariana Islands,MNP,..,..,..,..,..,..,..,..,..,..,..,..,..,..,..,..,..,..,..,..,..,..,..,..
"Fertility rate, total (births per woman)",SP.DYN.TFRT.IN,Norway,NOR,1.85,1.78,1.75,1.8,1.83,1.84,1.9,1.9,1.96,1.98,1.95,1.88,1.85,1.78,1.75,1.72,1.71,1.62,1.56,1.53,1.48,1.55,..,..
"Fertility rate, total (births per woman)",SP.DYN.TFRT.IN,Oman,OMN,3.893,3.69,3.501,3.346,3.2,3.049,2.921,2.813,2.806,2.841,2.943,2.94,2.929,2.949,2.956,2.959,2.946,2.937,2.883,2.776,2.687,2.623,..,..
"Fertility rate, total (births per woman)",SP.DYN.TFRT.IN,Pakistan,PAK,5.257,5.123,5.008,4.88,4.754,4.637,4.526,4.51,4.432,4.36,4.297,4.234,4.169,4.106,4.005,3.904,3.827,3.759,3.685,3.62,3.555,3.47,..,..
"Fertility rate, total (births per woman)",SP.DYN.TFRT.IN,Palau,PLW,1.83,..,..,..,..,2.02,..,..,..,..,..,..,2.23,..,..,2.21,..,..,..,..,0.85,..,..,..
"Fertility rate, total (births per woman)",SP.DYN.TFRT.IN,Panama,PAN,2.744,2.72,2.698,2.679,2.691,2.665,2.636,2.63,2.631,2.613,2.604,2.627,2.636,2.609,2.59,2.564,2.528,2.493,2.441,2.375,2.344,2.325,..,..
"Fertility rate, total (births per woman)",SP.DYN.TFRT.IN,Papua New Guinea,PNG,4.525,4.469,4.419,4.362,4.283,4.22,4.148,4.076,4.015,3.941,3.883,3.816,3.746,3.684,3.625,3.558,3.495,3.432,3.382,3.322,3.274,3.215,..,..
"Fertility rate, total (births per woman)",SP.DYN.TFRT.IN,Paraguay,PRY,3.553,3.431,3.315,3.21,3.119,3.04,2.97,2.907,2.846,2.787,2.73,2.675,2.625,2.636,2.646,2.645,2.624,2.591,2.561,2.525,2.497,2.469,..,..
"Fertility rate, total (births per woman)",SP.DYN.TFRT.IN,Peru,PER,2.845,2.744,2.693,2.661,2.673,2.686,2.686,2.666,2.628,2.607,2.573,2.542,2.487,2.432,2.385,2.338,2.306,2.281,2.26,2.242,2.216,2.192,..,..
"Fertility rate, total (births per woman)",SP.DYN.TFRT.IN,Philippines,PHL,3.714,3.718,3.656,3.604,3.543,3.49,3.486,3.444,3.404,3.363,3.264,3.122,3.127,3.096,3.031,2.951,2.892,2.865,2.831,2.805,2.777,2.748,..,..
"Fertility rate, total (births per woman)",SP.DYN.TFRT.IN,Poland,POL,1.37,1.31,1.25,1.22,1.23,1.24,1.27,1.31,1.39,1.4,1.41,1.33,1.33,1.29,1.32,1.32,1.39,1.48,1.46,1.44,1.39,1.33,..,..
"Fertility rate, total (births per woman)",SP.DYN.TFRT.IN,Portugal,PRT,1.55,1.45,1.46,1.44,1.4,1.41,1.37,1.35,1.39,1.34,1.39,1.35,1.28,1.21,1.23,1.31,1.36,1.38,1.42,1.43,1.41,1.38,..,..
"Fertility rate, total (births per woman)",SP.DYN.TFRT.IN,Puerto Rico,PRI,2.0485,1.9346,1.8317,1.7624,1.7822,1.7702,1.7123,1.6505,1.6516,1.6528,1.6235,1.5965,1.5425,1.47,1.432,1.3365,1.2425,1.101,1.035,0.982,0.922,0.907,..,..
"Fertility rate, total (births per woman)",SP.DYN.TFRT.IN,Qatar,QAT,3.227,3.181,3.042,2.906,2.749,2.578,2.426,2.343,2.276,2.176,2.087,2.04,1.969,1.932,1.898,1.864,1.827,1.839,1.848,1.834,1.816,1.801,..,..
"Fertility rate, total (births per woman)",SP.DYN.TFRT.IN,Romania,ROU,1.31,1.27,1.27,1.3,1.33,1.4,1.42,1.45,1.6,1.66,1.59,1.47,1.52,1.46,1.56,1.62,1.69,1.71,1.76,1.77,1.8,1.8,..,..
"Fertility rate, total (births per woman)",SP.DYN.TFRT.IN,Russian Federation,RUS,1.195,1.223,1.286,1.319,1.344,1.294,1.305,1.416,1.502,1.542,1.567,1.582,1.691,1.707,1.75,1.777,1.762,1.621,1.579,1.504,1.505,1.493,..,..
"Fertility rate, total (births per woman)",SP.DYN.TFRT.IN,Rwanda,RWA,5.924,5.844,5.752,5.674,5.573,5.436,5.28,5.1,4.901,4.716,4.532,4.357,4.233,4.159,4.112,4.081,4.06,4.027,3.994,3.939,3.873,3.821,..,..
"Fertility rate, total (births per woman)",SP.DYN.TFRT.IN,Samoa,WSM,4.514,4.465,4.429,4.4,4.382,4.374,4.373,4.391,4.469,4.549,4.608,4.639,4.606,4.525,4.443,4.357,4.269,4.183,4.109,4.047,3.997,3.93,..,..
"Fertility rate, total (births per woman)",SP.DYN.TFRT.IN,San Marino,SMR,..,..,..,..,..,..,..,..,..,..,..,..,1.26,..,..,..,..,..,..,..,..,..,..,..
"Fertility rate, total (births per woman)",SP.DYN.TFRT.IN,Sao Tome and Principe,STP,5.176,5.131,5.09,5.049,5.007,4.964,4.919,4.872,4.825,4.776,4.727,4.716,4.667,4.6,4.511,4.387,4.274,4.142,4.044,3.964,3.893,3.823,..,..
"Fertility rate, total (births per woman)",SP.DYN.TFRT.IN,Saudi Arabia,SAU,4.115,3.91,3.706,3.502,3.337,3.242,3.208,3.177,3.057,2.952,2.853,2.814,2.78,2.737,2.686,2.637,2.59,2.584,2.546,2.504,2.465,2.427,..,..
"Fertility rate, total (births per woman)",SP.DYN.TFRT.IN,Senegal,SEN,5.498,5.412,5.311,5.252,5.184,5.186,5.198,5.11,5.051,5.081,5.064,5.039,5.005,4.96,4.905,4.781,4.683,4.622,4.584,4.517,4.454,4.387,..,..
"Fertility rate, total (births per woman)",SP.DYN.TFRT.IN,Serbia,SRB,1.48,1.58,1.57,1.59,1.57,1.45,1.43,1.38,1.4,1.44,1.4,1.4,1.45,1.43,1.46,1.46,1.46,1.49,1.49,1.52,1.48,1.48,..,..
"Fertility rate, total (births per woman)",SP.DYN.TFRT.IN,Seychelles,SYC,2.08,1.98,2.04,2.06,2.01,2.2,2.11,2.24,2.33,2.38,2.16,2.33,2.37,2.26,2.25,2.31,2.39,2.41,2.41,2.36,2.29,2.46,..,..
"Fertility rate, total (births per woman)",SP.DYN.TFRT.IN,Sierra Leone,SLE,6.355,6.305,6.23,6.087,5.919,5.807,5.737,5.643,5.563,5.448,5.327,5.209,5.064,4.873,4.703,4.548,4.466,4.389,4.294,4.192,4.08,3.978,..,..
"Fertility rate, total (births per woman)",SP.DYN.TFRT.IN,Singapore,SGP,1.6,1.41,1.37,1.27,1.26,1.26,1.28,1.29,1.28,1.22,1.15,1.2,1.29,1.19,1.25,1.24,1.2,1.16,1.14,1.14,1.1,1.12,..,..
"Fertility rate, total (births per woman)",SP.DYN.TFRT.IN,Sint Maarten (Dutch part),SXM,1.85,1.8,1.753,1.723,1.702,1.705,1.764,1.565,1.735,1.713,1.846,1.99,1.93,1.862,1.794,1.73,1.673,1.627,1.61,1.601,1.591,1.581,..,..
"Fertility rate, total (births per woman)",SP.DYN.TFRT.IN,Slovak Republic,SVK,1.3,1.2,1.19,1.2,1.25,1.27,1.25,1.27,1.34,1.44,1.43,1.45,1.34,1.34,1.37,1.4,1.48,1.52,1.54,1.57,1.59,1.64,..,..
"Fertility rate, total (births per woman)",SP.DYN.TFRT.IN,Slovenia,SVN,1.26,1.21,1.21,1.2,1.25,1.26,1.31,1.38,1.53,1.53,1.57,1.56,1.58,1.55,1.58,1.57,1.58,1.62,1.6,1.61,1.59,1.64,..,..
"Fertility rate, total (births per woman)",SP.DYN.TFRT.IN,Solomon Islands,SLB,4.756,4.692,4.626,4.572,4.518,4.475,4.477,4.442,4.411,4.393,4.404,4.406,4.412,4.418,4.418,4.356,4.293,4.218,4.157,4.104,4.038,3.983,..,..
"Fertility rate, total (births per woman)",SP.DYN.TFRT.IN,Somalia,SOM,7.61,7.582,7.578,7.547,7.522,7.484,7.458,7.42,7.387,7.34,7.299,7.257,7.198,7.128,7.057,6.978,6.886,6.738,6.632,6.531,6.417,6.312,..,..
"Fertility rate, total (births per woman)",SP.DYN.TFRT.IN,South Africa,ZAF,2.413,2.373,2.324,2.358,2.436,2.512,2.548,2.545,2.679,2.501,2.445,2.436,2.447,2.428,2.424,2.359,2.261,2.334,2.418,2.475,2.401,2.374,..,..
"Fertility rate, total (births per woman)",SP.DYN.TFRT.IN,South Sudan,SSD,7.513,7.369,7.191,6.851,6.517,6.171,5.82,5.638,5.552,5.465,5.376,5.286,5.197,5.108,5.022,4.937,4.855,4.775,4.696,4.619,4.543,4.469,..,..
"Fertility rate, total (births per woman)",SP.DYN.TFRT.IN,Spain,ESP,1.22,1.23,1.25,1.3,1.31,1.33,1.36,1.38,1.45,1.38,1.37,1.34,1.32,1.27,1.32,1.33,1.34,1.31,1.26,1.23,1.19,1.19,..,..
"Fertility rate, total (births per woman)",SP.DYN.TFRT.IN,Sri Lanka,LKA,2.191,2.261,2.275,2.276,2.267,2.283,2.344,2.327,2.275,2.224,2.196,2.206,2.196,2.181,2.13,2.091,2.068,2.053,2.031,2.019,2,1.99,..,..
"Fertility rate, total (births per woman)",SP.DYN.TFRT.IN,St. Kitts and Nevis,KNA,2.196,2.086,2.038,2.004,1.964,1.931,1.902,1.871,1.833,1.8,1.762,1.74,1.713,1.682,1.665,1.643,1.633,1.61,1.587,1.568,1.55,1.531,..,..
"Fertility rate, total (births per woman)",SP.DYN.TFRT.IN,St. Lucia,LCA,2.202,2.06,1.933,1.826,1.74,1.675,1.63,1.598,1.574,1.555,1.538,1.522,1.508,1.496,1.485,1.473,1.461,1.448,1.436,1.424,1.411,1.399,..,..
"Fertility rate, total (births per woman)",SP.DYN.TFRT.IN,St. Martin (French part),MAF,2.714,2.705,2.687,2.666,2.631,2.592,2.554,2.514,2.481,2.434,2.397,2.41,2.748,2.668,2.595,2.558,2.534,2.518,2.517,2.485,2.448,2.415,..,..
"Fertility rate, total (births per woman)",SP.DYN.TFRT.IN,St. Vincent and the Grenadines,VCT,2.34,2.298,2.215,2.14,2.087,2.065,2.055,2.081,2.137,2.154,2.133,2.101,2.12,2.112,2.12,2.099,2.025,1.932,1.873,1.838,1.814,1.797,..,..
"Fertility rate, total (births per woman)",SP.DYN.TFRT.IN,Sudan,SDN,5.38,5.327,5.248,5.172,5.094,5.039,5.044,5.065,5.074,5.05,5.017,4.96,4.895,4.903,4.912,4.898,4.829,4.761,4.681,4.617,4.542,4.457,..,..
"Fertility rate, total (births per woman)",SP.DYN.TFRT.IN,Suriname,SUR,2.895,2.868,2.84,2.811,2.781,2.749,2.717,2.687,2.659,2.633,2.61,2.587,2.565,2.543,2.519,2.494,2.469,2.443,2.418,2.394,2.371,2.348,..,..
"Fertility rate, total (births per woman)",SP.DYN.TFRT.IN,Sweden,SWE,1.54,1.57,1.65,1.71,1.75,1.77,1.85,1.88,1.91,1.94,1.98,1.9,1.91,1.89,1.88,1.85,1.85,1.78,1.76,1.71,1.67,1.67,..,..
"Fertility rate, total (births per woman)",SP.DYN.TFRT.IN,Switzerland,CHE,1.5,1.38,1.39,1.39,1.42,1.42,1.44,1.46,1.48,1.5,1.52,1.52,1.52,1.52,1.54,1.54,1.54,1.52,1.52,1.48,1.46,1.52,..,..
"Fertility rate, total (births per woman)",SP.DYN.TFRT.IN,Syrian Arab Republic,SYR,4.001,4.007,3.948,3.899,3.857,3.814,3.762,3.696,3.613,3.514,3.404,3.283,3.215,3.17,3.101,3.049,2.994,2.939,2.886,2.835,2.798,2.747,..,..
"Fertility rate, total (births per woman)",SP.DYN.TFRT.IN,Tajikistan,TJK,4.006,3.884,3.767,3.606,3.529,3.438,3.385,3.367,3.388,3.43,3.457,3.456,3.421,3.433,3.459,3.459,3.384,3.29,3.294,3.281,3.237,3.186,..,..
"Fertility rate, total (births per woman)",SP.DYN.TFRT.IN,Tanzania,TZA,5.686,5.665,5.623,5.605,5.607,5.61,5.563,5.485,5.425,5.357,5.293,5.207,5.098,5.122,5.122,5.088,5.033,4.993,4.923,4.864,4.795,4.726,..,..
"Fertility rate, total (births per woman)",SP.DYN.TFRT.IN,Thailand,THA,1.612,1.588,1.567,1.568,1.566,1.585,1.571,1.578,1.579,1.567,1.576,1.597,1.586,1.547,1.51,1.469,1.435,1.41,1.378,1.352,1.341,1.331,..,..
"Fertility rate, total (births per woman)",SP.DYN.TFRT.IN,Timor-Leste,TLS,5.98,6.013,6.022,5.951,5.85,5.705,5.564,5.399,5.225,5.037,4.845,4.656,4.444,4.268,4.085,3.903,3.737,3.596,3.452,3.336,3.247,3.149,..,..
"Fertility rate, total (births per woman)",SP.DYN.TFRT.IN,Togo,TGO,5.269,5.23,5.194,5.145,5.075,5.069,5.078,5.092,5.052,5.034,5.007,4.917,4.806,4.723,4.655,4.594,4.56,4.503,4.442,4.385,4.323,4.257,..,..
"Fertility rate, total (births per woman)",SP.DYN.TFRT.IN,Tonga,TON,4.108,4.072,4.137,4.194,4.206,4.179,4.141,4.093,4.027,3.955,3.889,3.842,3.781,3.707,3.635,3.562,3.483,3.407,3.349,3.315,3.267,3.237,..,..
"Fertility rate, total (births per woman)",SP.DYN.TFRT.IN,Trinidad and Tobago,TTO,1.769,1.746,1.718,1.705,1.685,1.68,1.692,1.709,1.713,1.69,1.701,1.713,1.711,1.703,1.693,1.682,1.678,1.662,1.651,1.643,1.631,1.626,..,..
"Fertility rate, total (births per woman)",SP.DYN.TFRT.IN,Tunisia,TUN,2.049,1.997,1.969,1.979,1.976,1.981,1.977,1.989,2.011,2.046,2.105,2.191,2.216,2.24,2.252,2.251,2.238,2.221,2.174,2.148,2.114,2.086,..,..
"Fertility rate, total (births per woman)",SP.DYN.TFRT.IN,Turkiye,TUR,2.505,2.532,2.323,2.231,2.224,2.224,2.227,2.195,2.178,2.162,2.137,2.133,2.149,2.165,2.2,2.194,2.177,2.14,2.054,1.967,1.917,1.889,..,..
"Fertility rate, total (births per woman)",SP.DYN.TFRT.IN,Turkmenistan,TKM,2.898,2.791,2.686,2.665,2.648,2.658,2.665,2.676,2.712,2.769,2.833,2.892,2.936,2.958,2.956,2.93,2.887,2.836,2.786,2.74,2.701,2.667,..,..
"Fertility rate, total (births per woman)",SP.DYN.TFRT.IN,Turks and Caicos Islands,TCA,2.511,2.416,2.322,2.225,2.128,2.037,1.953,1.876,1.808,1.736,1.686,1.693,1.694,1.676,1.653,1.67,1.722,1.741,1.723,1.692,1.679,1.669,..,..
"Fertility rate, total (births per woman)",SP.DYN.TFRT.IN,Tuvalu,TUV,3.807,3.744,3.694,3.642,3.62,3.632,3.717,3.602,3.549,3.503,3.49,3.478,3.467,3.355,3.275,3.217,3.195,3.186,3.209,3.199,3.188,3.163,..,..
"Fertility rate, total (births per woman)",SP.DYN.TFRT.IN,Uganda,UGA,6.832,6.81,6.779,6.702,6.653,6.572,6.481,6.379,6.251,6.174,6.071,5.935,5.784,5.618,5.463,5.306,5.174,5.052,4.932,4.809,4.693,4.585,..,..
"Fertility rate, total (births per woman)",SP.DYN.TFRT.IN,Ukraine,UKR,1.116,1.078,1.095,1.172,1.218,1.213,1.31,1.345,1.458,1.473,1.443,1.459,1.531,1.506,1.498,1.506,1.466,1.374,1.301,1.228,1.217,1.16,..,..
"Fertility rate, total (births per woman)",SP.DYN.TFRT.IN,United Arab Emirates,ARE,2.733,2.621,2.54,2.491,2.384,2.204,2.072,1.99,1.917,1.852,1.79,1.724,1.666,1.602,1.545,1.486,1.438,1.419,1.356,1.334,1.46,1.46,..,..
"Fertility rate, total (births per woman)",SP.DYN.TFRT.IN,United Kingdom,GBR,1.64,1.63,1.63,1.7,1.75,1.76,1.82,1.86,1.91,1.89,1.92,1.91,1.92,1.83,1.81,1.8,1.79,1.74,1.68,1.63,1.56,1.56,..,..
"Fertility rate, total (births per woman)",SP.DYN.TFRT.IN,United States,USA,2.056,2.0305,2.0205,2.0475,2.0515,2.057,2.108,2.12,2.072,2.002,1.931,1.8945,1.8805,1.8575,1.8625,1.8435,1.8205,1.7655,1.7295,1.706,1.6415,1.664,..,..
"Fertility rate, total (births per woman)",SP.DYN.TFRT.IN,Uruguay,URY,2.168,2.132,2.142,2.101,2.09,2.097,2.07,2.048,2.03,2.018,2.011,2.008,2.006,2.01,1.998,2.023,1.945,1.796,1.658,1.546,1.477,1.493,..,..
"Fertility rate, total (births per woman)",SP.DYN.TFRT.IN,Uzbekistan,UZB,2.58,2.46,2.52,2.36,2.46,2.36,2.39,2.554,2.637,2.53,2.342,2.236,2.193,2.35,2.457,2.491,2.455,2.419,2.604,2.785,2.904,3.173,..,..
"Fertility rate, total (births per woman)",SP.DYN.TFRT.IN,Vanuatu,VUT,4.48,4.444,4.364,4.294,4.226,4.158,4.121,4.124,4.138,4.148,4.15,4.151,4.124,4.093,4.06,4.006,3.963,3.91,3.855,3.813,3.778,3.735,..,..
"Fertility rate, total (births per woman)",SP.DYN.TFRT.IN,"Venezuela, RB",VEN,2.822,2.779,2.739,2.701,2.664,2.629,2.595,2.562,2.53,2.5,2.471,2.444,2.417,2.39,2.365,2.34,2.317,2.294,2.272,2.25,2.23,2.211,..,..
"Fertility rate, total (births per woman)",SP.DYN.TFRT.IN,Viet Nam,VNM,2.072,2.051,2.063,2.026,2.014,1.962,1.904,1.913,1.92,1.906,1.895,1.902,1.927,1.951,1.95,1.951,1.938,1.93,1.937,1.948,1.955,1.944,..,..
"Fertility rate, total (births per woman)",SP.DYN.TFRT.IN,Virgin Islands (U.S.),VIR,2.06,1.9,2.21,2.07,2.17,2.24,2.03,2.51,2.44,2.37,2.3,2.16,2.06,2.08,2.09,2.11,2.09,2.08,2.06,2.05,2.03,2.01,..,..
"Fertility rate, total (births per woman)",SP.DYN.TFRT.IN,West Bank and Gaza,PSE,5.443,5.315,5.186,5.019,4.942,4.844,4.721,4.614,4.497,4.412,4.383,4.274,4.16,4.076,4.04,4.046,3.935,3.807,3.712,3.642,3.57,3.504,..,..
"Fertility rate, total (births per woman)",SP.DYN.TFRT.IN,"Yemen, Rep.",YEM,6.318,6.114,5.937,5.819,5.712,5.577,5.425,5.266,5.129,4.986,4.855,4.744,4.634,4.529,4.427,4.322,4.214,4.112,4.043,3.963,3.886,3.795,..,..
"Fertility rate, total (births per woman)",SP.DYN.TFRT.IN,Zambia,ZMB,5.926,5.862,5.792,5.726,5.715,5.71,5.686,5.609,5.537,5.452,5.363,5.271,5.146,5.026,4.899,4.793,4.707,4.614,4.536,4.451,4.379,4.308,..,..
"Fertility rate, total (births per woman)",SP.DYN.TFRT.IN,Zimbabwe,ZWE,3.974,3.954,3.887,3.821,3.738,3.665,3.62,3.652,3.774,3.945,4.025,4.096,4.096,4.064,3.962,3.849,3.771,3.706,3.659,3.599,3.545,3.491,..,..
"Fertility rate, total (births per woman)",SP.DYN.TFRT.IN,Africa Eastern and Southern,AFE,5.52355316105243,5.48162442450646,5.43047454382283,5.38084645934598,5.34315909957376,5.30711992054211,5.26769087149091,5.2245752801543,5.19259197591937,5.11515623238387,5.04079676128023,4.96261090208225,4.87901791576055,4.80881970069337,4.73986120047803,4.67761773629276,4.61566985634981,4.5704088889247,4.52770519140795,4.48289806728591,4.41690032191029,4.35470911162755,..,..
"Fertility rate, total (births per woman)",SP.DYN.TFRT.IN,Africa Western and Central,AFW,6.02317868901341,5.99595474542322,5.96726651984921,5.93199862257476,5.88756694809857,5.86460386605421,5.84537989023371,5.81581414782124,5.78852483689185,5.74904254565965,5.69955221694528,5.64567225639532,5.58089235673762,5.50634979270689,5.43749340764512,5.3850593079131,5.32870923111315,5.2553453710546,5.18631941888717,5.11893203861357,5.0493293781153,4.97866247082482,..,..
"Fertility rate, total (births per woman)",SP.DYN.TFRT.IN,Arab World,ARB,3.8785887451054,3.8077833507959,3.72736884420368,3.67069029819865,3.61668398632666,3.57659570584393,3.54750921835084,3.53214915125169,3.50853304858298,3.49278003475509,3.504198074315,3.50802135684357,3.51281506037167,3.51351815655565,3.50017425229,3.47103809720741,3.37135781311785,3.32588193255243,3.27999375314507,3.22451894503336,3.18600277860242,3.14256520482342,..,..
"Fertility rate, total (births per woman)",SP.DYN.TFRT.IN,Caribbean small states,CSS,2.28525088461789,2.25233705902945,2.21532659980828,2.18431454799216,2.16514585973283,2.13318578611711,2.11103508847076,2.04275580243239,2.03656827014513,2.01130887839884,1.94204839584138,1.92613733448398,1.90578584093676,1.85957253303837,1.83345236396247,1.82700194229917,1.78423685776113,1.74020086840785,1.71183622954424,1.68786975424512,1.67128940694517,1.66452203748273,..,..
"Fertility rate, total (births per woman)",SP.DYN.TFRT.IN,Central Europe and the Baltics,CEB,1.31779285491233,1.27553083970973,1.25343211636416,1.25115725704247,1.27656380513919,1.31279074446983,1.3420958814445,1.3813072034064,1.46354969048277,1.48774045022108,1.46187564488755,1.39337113008967,1.41605412076916,1.38773706261275,1.4429744237629,1.46229989874723,1.52235080996814,1.56812344753939,1.5745014382999,1.57080615747239,1.55524546735669,1.55098526523508,..,..
"Fertility rate, total (births per woman)",SP.DYN.TFRT.IN,Early-demographic dividend,EAR,3.3814321578682,3.32762169314145,3.25161946415029,3.17545707338747,3.11495568091777,3.05290902962738,2.99299771528603,2.94911450197081,2.90229874456947,2.8571028728085,2.80549793895908,2.76127039394605,2.72166819875733,2.68098919502392,2.62107607519873,2.58937438756863,2.55452264402322,2.50085276121241,2.47233166980504,2.42183952710887,2.37773843711176,2.35104771719098,..,..
"Fertility rate, total (births per woman)",SP.DYN.TFRT.IN,East Asia & Pacific,EAS,1.86633984501231,1.81003578313633,1.80020140852998,1.79234664658466,1.80848215604991,1.81378633506923,1.83053585391286,1.85330402918726,1.87358168249994,1.8755416903988,1.85256666917561,1.84425313249192,1.9299609317804,1.86671190550473,1.89568574246225,1.83003181484091,1.88130162415834,1.89429685385437,1.73283694190791,1.69204979284288,1.55967009801612,1.48943216659187,..,..
"Fertility rate, total (births per woman)",SP.DYN.TFRT.IN,East Asia & Pacific (excluding high income),EAP,1.91312613430869,1.86051059817233,1.85366968136116,1.84719352090606,1.86543244649575,1.87441765288684,1.8868144140874,1.90663024771461,1.9291731595723,1.93260923240824,1.90563925891015,1.89326515044069,1.98232781799945,1.91820127683219,1.9489560387198,1.87416332273557,1.93389077145535,1.95264450183526,1.77759472198283,1.73778423958248,1.59726626178946,1.52044206107285,..,..
"Fertility rate, total (births per woman)",SP.DYN.TFRT.IN,East Asia & Pacific (IDA & IBRD countries),TEA,1.91244717229942,1.85903696858824,1.85257627749348,1.84637607547704,1.8642461542675,1.87343046184725,1.88594311742058,1.90602781382385,1.92859022500579,1.93239136178751,1.90684450877901,1.89429175783192,1.98414832165743,1.91893600058465,1.94976746053598,1.87404994614925,1.93470646392339,1.95385837691105,1.77675885211701,1.73651228668526,1.59451188896135,1.51684616618231,..,..
"Fertility rate, total (births per woman)",SP.DYN.TFRT.IN,Euro area,EMU,1.4694284380696,1.45655973233722,1.45873820167269,1.47286823042833,1.49546282749292,1.5002843742674,1.52312684362604,1.53993205153008,1.57981753883396,1.56372255409784,1.5789503691464,1.5599833679612,1.55395289208884,1.52940176824547,1.55023572537073,1.54817612526707,1.5677245160818,1.54238047204643,1.52343719392722,1.5045661337261,1.48113088627556,1.50901537235435,..,..
"Fertility rate, total (births per woman)",SP.DYN.TFRT.IN,Europe & Central Asia,ECS,1.55847741530497,1.54949314696458,1.54833410020188,1.55971617310916,1.59193469704196,1.58648752827629,1.61788385061184,1.66148550105644,1.72089818005853,1.72186408711433,1.72804675020636,1.71282778284975,1.74223516816635,1.73515169087896,1.76738275395282,1.77500891498116,1.78058522307839,1.73385900996886,1.71559794695257,1.68912351081364,1.67624027600941,1.69290627150587,..,..
"Fertility rate, total (births per woman)",SP.DYN.TFRT.IN,Europe & Central Asia (excluding high income),ECA,1.66558442167399,1.66742587434563,1.66626841041378,1.66866761886817,1.70755296035471,1.68147477828541,1.71367431527172,1.78109570597072,1.85220378543246,1.86529591289794,1.86401901980322,1.86545228765783,1.92706289855995,1.95167593014583,1.99637472288826,2.01158874437035,1.99494047518318,1.91191651812798,1.89517487500216,1.86277768284305,1.86684360704119,1.88275439393424,..,..
"Fertility rate, total (births per woman)",SP.DYN.TFRT.IN,Europe & Central Asia (IDA & IBRD countries),TEC,1.61915667927564,1.6147920874672,1.60899348957122,1.6104096407221,1.64673789826736,1.6295688926903,1.66098155160605,1.72451371914623,1.79975718655108,1.81518692570464,1.81207251028712,1.80165480434898,1.85835914823305,1.8736879215417,1.91936028367561,1.93500178579133,1.92953867075209,1.86550170597894,1.85203716040028,1.82281202565853,1.82390332637492,1.83461899456449,..,..
"Fertility rate, total (births per woman)",SP.DYN.TFRT.IN,European Union,EUU,1.44091614987619,1.42263238685652,1.4208155397779,1.43222354003377,1.4558508027026,1.46785428252319,1.49458007867262,1.51644868193359,1.56637342827422,1.55894562557204,1.56645735383025,1.53260625118959,1.53326479612932,1.50708443826818,1.53515070431339,1.53730158383717,1.56649940427299,1.55629652177003,1.54224471937495,1.52512774133301,1.50333217825054,1.52028910935588,..,..
"Fertility rate, total (births per woman)",SP.DYN.TFRT.IN,Fragile and conflict affected situations,FCS,5.15234097295583,5.12657020709678,5.10234655159704,5.07187528782916,5.03469548275931,4.99501782858452,4.97581278515207,4.95126576804672,4.93470962082741,4.90692828138027,4.86978814099985,4.83310827036059,4.78644677066965,4.73283336577581,4.68375340687276,4.64227693964546,4.59913988203677,4.54545766028106,4.5000801290492,4.45953950629613,4.41189370400275,4.3586985347571,..,..
"Fertility rate, total (births per woman)",SP.DYN.TFRT.IN,Heavily indebted poor countries (HIPC),HPC,6.04703801412292,5.98707640287593,5.93070022214564,5.87190840787718,5.810055196509,5.75572510175483,5.69725459617293,5.62964610114439,5.56118261115448,5.49536202167234,5.42279172690788,5.34028105170269,5.25219871547148,5.17623778787994,5.09924950551755,5.03274710189663,4.9625580346189,4.88903319788895,4.8237427222177,4.76241174672345,4.69154037648335,4.62029967714928,..,..
"Fertility rate, total (births per woman)",SP.DYN.TFRT.IN,High income,HIC,1.70628862411234,1.66948384248183,1.65347882168381,1.6609010750483,1.66924125476059,1.66804804843802,1.70821341244931,1.73437204363555,1.74353757668953,1.71688309181204,1.70345082821574,1.68532440815826,1.69295568534451,1.6599995531933,1.67253016943642,1.67028988123449,1.66558805671301,1.63298423640732,1.60575629833183,1.57705398797209,1.53373792454555,1.54547787489466,..,..
"Fertility rate, total (births per woman)",SP.DYN.TFRT.IN,IBRD only,IBD,2.37414147235354,2.32993310343988,2.29603556712575,2.26583728907899,2.25724344794514,2.23767573622481,2.22071329400379,2.21373450782272,2.21536171028697,2.2070246580598,2.18063557693648,2.16042169179377,2.1910006155353,2.14837099792404,2.14018162581194,2.10054203834412,2.11067516279955,2.09072472034282,2.00137297364239,1.95030393222478,1.86703726374514,1.82439286871436,..,..
"Fertility rate, total (births per woman)",SP.DYN.TFRT.IN,IDA & IBRD total,IBT,2.91496507201489,2.87358785302928,2.84140102618648,2.80905532941958,2.79481996813132,2.77171001299307,2.75329264468449,2.74622509165547,2.74324034449328,2.73051241434591,2.70184454289405,2.67777311796576,2.69310183976247,2.65546844481235,2.64322518637815,2.60863518608975,2.61250941193245,2.59160665411777,2.52290083312143,2.48369084912029,2.41892626450714,2.38455710176272,..,..
"Fertility rate, total (births per woman)",SP.DYN.TFRT.IN,IDA blend,IDB,5.27397897930564,5.20641416196246,5.15379525287776,5.07159495089979,5.00635471027325,4.93703046741917,4.89050438448349,4.89195324444256,4.86040391788214,4.80159190171453,4.72781831780004,4.65754509221455,4.58688557734538,4.52756550168533,4.457277106057,4.39729976503441,4.34571624920644,4.28696556438818,4.23557396132145,4.18478944526305,4.13244211960349,4.08093620999371,..,..
"Fertility rate, total (births per woman)",SP.DYN.TFRT.IN,IDA only,IDX,5.00399858326012,4.94704359619522,4.89189172991292,4.82889283526083,4.76489964855825,4.70190535725528,4.64295619605935,4.58028826362514,4.51736015514482,4.45738833374973,4.39194003287779,4.32571004243452,4.2630808256555,4.21532582493318,4.16578302221073,4.12111359455935,4.07418442960912,4.01789961182337,3.97987715916458,3.94213698602477,3.89271926223483,3.84389603505542,..,..
"Fertility rate, total (births per woman)",SP.DYN.TFRT.IN,IDA total,IDA,5.09243636149435,5.0324288923342,4.97819999861106,4.90882599006679,4.84444997250717,4.77937563611169,4.72449727052094,4.68297879339095,4.63049340942383,4.57102922725613,4.50296976728508,4.43540938773371,4.36995757606965,4.31821129657431,4.26164957638792,4.21176287478714,4.16309494945463,4.1058226551739,4.06330611123889,4.02118065709852,3.97071781747552,3.92097935981566,..,..
"Fertility rate, total (births per woman)",SP.DYN.TFRT.IN,Late-demographic dividend,LTE,1.73750234964391,1.68606474887797,1.68105071379184,1.6753425195782,1.69680186996183,1.69904812728773,1.70635180086232,1.72510288388809,1.75427723143565,1.76197116159138,1.74300948993829,1.73044117611296,1.8157432558303,1.76128308139003,1.80018476582936,1.74001113375591,1.79072197435251,1.80582170553658,1.64696790061491,1.60159100736007,1.46753871655302,1.39694482719863,..,..
"Fertility rate, total (births per woman)",SP.DYN.TFRT.IN,Latin America & Caribbean,LCN,2.60968509993929,2.54563742283978,2.48406229302137,2.4226251810512,2.3860560584594,2.34928829693772,2.30607594182529,2.26615862809506,2.23369929176093,2.21242305532083,2.18925168427794,2.17022897565108,2.13765914053733,2.11173662508856,2.09390273495473,2.07037315494023,2.01871262227167,1.9990754531857,1.97279484104426,1.9237639482941,1.88407576349433,1.85328459223688,..,..
"Fertility rate, total (births per woman)",SP.DYN.TFRT.IN,Latin America & Caribbean (excluding high income),LAC,2.62896047801642,2.56197675150431,2.49717405940082,2.43365802960434,2.39614569501744,2.35780774104335,2.3123949213837,2.26934872778737,2.23399453980151,2.21197848197643,2.18843028370095,2.16937671920757,2.13557426387087,2.10929844396834,2.09138987063522,2.06832394559329,2.01544035148062,1.99949931383939,1.97475680856514,1.92467393972441,1.8838141725658,1.85127747507065,..,..
"Fertility rate, total (births per woman)",SP.DYN.TFRT.IN,Latin America & the Caribbean (IDA & IBRD countries),TLA,2.63801861251507,2.57275204148717,2.50861348122834,2.4458998549721,2.40927220287897,2.372114299158,2.32954561356032,2.28768370112582,2.2509163700681,2.22658700457697,2.20271731447757,2.18196804009885,2.14994345385747,2.12351480264031,2.10548014601295,2.08113980882313,2.02995945054637,2.01057762047236,1.98301624261622,1.9342593156613,1.89473986587848,1.8640224462816,..,..
"Fertility rate, total (births per woman)",SP.DYN.TFRT.IN,Least developed countries: UN classification,LDC,5.21349789446523,5.15184488885785,5.09597827395612,5.03224207164082,4.96632965582403,4.89884561779986,4.83766102942204,4.77570101638513,4.71037776704198,4.64668339617381,4.57487103809411,4.50380911033191,4.43287270229153,4.37800440607107,4.32230269382638,4.2706079819354,4.2232158295323,4.16689359302392,4.12449027724853,4.0856623183665,4.03595188175718,3.98568769667039,..,..
"Fertility rate, total (births per woman)",SP.DYN.TFRT.IN,Low & middle income,LMY,2.93349099416711,2.89190815343186,2.85943048824379,2.8265079793586,2.81187769395543,2.78776147425589,2.76846756430183,2.76068542959887,2.75671972788729,2.74350287564169,2.7139572852777,2.69053165573916,2.7057696528646,2.66828001448323,2.65553573581039,2.62057332997794,2.62386350394601,2.60231139588952,2.53286875453773,2.49324205694535,2.42780907905102,2.39313984191008,..,..
"Fertility rate, total (births per woman)",SP.DYN.TFRT.IN,Low income,LIC,6.04324323749615,5.99172602217084,5.93383385093283,5.87133028090299,5.8105802643297,5.74629018852748,5.68448187905669,5.61600574294796,5.54896167045341,5.47998638089337,5.39455924177889,5.30945233485027,5.22710430178904,5.15586864601876,5.08639040965302,5.02239352089669,4.95723316156183,4.88808299975056,4.82612323292728,4.76624551027658,4.69590622497459,4.62459077785597,..,..
"Fertility rate, total (births per woman)",SP.DYN.TFRT.IN,Lower middle income,LMC,3.60562709566479,3.55850663137904,3.49536035972048,3.42422277948591,3.36417401957076,3.2981662608488,3.23821419083286,3.19464671744858,3.15325112156944,3.11643052190469,3.06590173914001,3.01742721695934,2.97796488817082,2.94282141087256,2.88331595382072,2.8600779737357,2.83062931970209,2.77762341583929,2.75046187497347,2.69883428220692,2.65619969761873,2.63227063881071,..,..
"Fertility rate, total (births per woman)",SP.DYN.TFRT.IN,Middle East & North Africa,MEA,3.23045179682391,3.15315467061186,3.07329738248736,3.0242099930027,2.97571785544213,2.94025601693901,2.91711264683268,2.90613371551812,2.88961995908471,2.88237008124328,2.90139207886837,2.92016829709474,2.95302813084807,2.97072752311482,2.97457051688658,2.9517489321903,2.8711594084609,2.83800683866172,2.78304852645524,2.70035244660087,2.66051651348392,2.62906963762948,..,..
"Fertility rate, total (births per woman)",SP.DYN.TFRT.IN,Middle East & North Africa (excluding high income),MNA,3.18538878533313,3.11638541523275,3.04362153809012,3.00251678481627,2.96277498996669,2.93419197816011,2.91365754609395,2.90747154147674,2.9005881414183,2.90440294343157,2.93516511591064,2.96290684473191,3.00410760365043,3.03045281625981,3.03951526408735,3.01824955788954,2.93045382965141,2.89371678251347,2.83615382694806,2.74800579446669,2.70572710770652,2.67053695839294,..,..
"Fertility rate, total (births per woman)",SP.DYN.TFRT.IN,Middle East & North Africa (IDA & IBRD countries),TMN,3.16488464743774,3.096427526387,3.02408446475325,2.98398409914178,2.94443824083142,2.91632215534296,2.89655315164094,2.89111698133898,2.88503795425534,2.88947795902493,2.92061428862709,2.9495134216244,2.99209634380936,3.01941581234112,3.02879445045143,3.00708918580511,2.91941141566298,2.88359089828429,2.82632753261161,2.73786527463696,2.69579740081228,2.66082323687331,..,..
"Fertility rate, total (births per woman)",SP.DYN.TFRT.IN,Middle income,MIC,2.71071919305377,2.66745579182108,2.63347327062099,2.59899144328961,2.58424960109308,2.55940013524151,2.53886463168209,2.53105402818258,2.52761187904218,2.51449312028432,2.48519771672927,2.46253110861195,2.48182223656209,2.44305520629975,2.43115022602037,2.39432759356094,2.39907536199898,2.37688087995674,2.30099374776856,2.25712037469808,2.18574634566919,2.14871336005665,..,..
"Fertility rate, total (births per woman)",SP.DYN.TFRT.IN,North America,NAC,2.0017801371462,1.98172746223797,1.97063538898547,1.99798411640128,2.00258752507608,2.00950662299512,2.06036602102947,2.07513515403669,2.0348495402957,1.97074234705237,1.90276708352277,1.86788364858195,1.85529794216824,1.83264184266867,1.83716452551438,1.81917933202715,1.79746982987638,1.74388843820394,1.70729038082431,1.68188949481597,1.6178563043028,1.64003839962149,..,..
"Fertility rate, total (births per woman)",SP.DYN.TFRT.IN,Not classified,INX,..,..,..,..,..,..,..,..,..,..,..,..,..,..,..,..,..,..,..,..,..,..,..,..
"Fertility rate, total (births per woman)",SP.DYN.TFRT.IN,OECD members,OED,1.83356549659708,1.80859832015654,1.78223641900074,1.78417307307881,1.78901208656485,1.78372791638437,1.81445074743553,1.83042684843887,1.83318387816074,1.80579874154621,1.79475119422592,1.77429803561223,1.77404254978815,1.75106341582111,1.7552321476045,1.74611197788158,1.73621841704306,1.7016568753536,1.66815518275144,1.62928310468351,1.58858262766786,1.58921842405048,..,..
"Fertility rate, total (births per woman)",SP.DYN.TFRT.IN,Other small states,OSS,3.65721838135797,3.59109949185443,3.55668957230535,3.51515077989333,3.48277021774763,3.44588266207769,3.41524006872066,3.39334828811016,3.36517025116416,3.3263113777413,3.28131935690855,3.26445903396314,3.23662710057729,3.19935287070203,3.16069787369574,3.11535185164615,3.07245490360727,3.01791487554515,2.96945576171474,2.9234709353677,2.88768999430847,2.85960173560602,..,..
"Fertility rate, total (births per woman)",SP.DYN.TFRT.IN,Pacific island small states,PSS,3.82674468346481,3.79908447897904,3.75473299830069,3.71717676462438,3.6817131566704,3.62942888768534,3.64996718426197,3.63215132961434,3.62003184129637,3.59888493788909,3.57918388661835,3.55584956465723,3.52929109683484,3.52481783723554,3.50763126998135,3.4609934389969,3.42614558474842,3.3746034018739,3.33668845754408,3.30949410420057,3.25862223182425,3.24101311457014,..,..
"Fertility rate, total (births per woman)",SP.DYN.TFRT.IN,Post-demographic dividend,PST,1.617485559037,1.58945973147408,1.58071252204756,1.59935367117704,1.6138982308499,1.61354085144628,1.65958213195819,1.68787908314667,1.70095118636188,1.67457989712237,1.66358042394366,1.64687840484528,1.65356420504331,1.6255082895198,1.63427303113757,1.63351850243066,1.62473708728323,1.58219625679237,1.55199564765228,1.51895595805966,1.47573815696709,1.48854416536748,..,..
"Fertility rate, total (births per woman)",SP.DYN.TFRT.IN,Pre-demographic dividend,PRE,6.09962518860123,6.06155448143645,6.01817438585282,5.97230509746673,5.9259075227318,5.88386912404836,5.85199389408324,5.81062177848442,5.77095744296508,5.72260732640466,5.66321285794439,5.59582733586983,5.51152816687225,5.43299078080208,5.35531117197446,5.283577660475,5.21323038184315,5.139025707974,5.06291077496136,4.98868422194806,4.91627620452391,4.84417126109758,..,..
"Fertility rate, total (births per woman)",SP.DYN.TFRT.IN,Small states,SST,3.34539982664751,3.29145087399198,3.25793356531977,3.22128653953009,3.19417914584308,3.16058401109319,3.13814618288961,3.10959004068124,3.09086321032967,3.05974123467884,3.01447566634881,3.00026156338014,2.9772635670368,2.94248272113485,2.91076199484871,2.87671457622605,2.83740396034234,2.78838459309711,2.74654454462419,2.70838672270042,2.67793011608451,2.65589310681651,..,..
"Fertility rate, total (births per woman)",SP.DYN.TFRT.IN,South Asia,SAS,3.57222407623416,3.51554775582573,3.43226816745664,3.33920517614016,3.25804645103285,3.16695440217352,3.07374585084639,2.99959186542332,2.92963295005513,2.87774589925352,2.80760182404995,2.74278809849491,2.67834837551275,2.62133190589734,2.53000842799494,2.49836592473185,2.4751853554712,2.4061305272959,2.37934101117305,2.32011599715771,2.26709778262632,2.24093002461978,..,..
"Fertility rate, total (births per woman)",SP.DYN.TFRT.IN,South Asia (IDA & IBRD),TSA,3.57222407623416,3.51554775582573,3.43226816745664,3.33920517614016,3.25804645103284,3.16695440217352,3.07374585084639,2.99959186542332,2.92963295005513,2.87774589925352,2.80760182404995,2.74278809849491,2.67834837551275,2.62133190589734,2.53000842799494,2.49836592473185,2.4751853554712,2.4061305272959,2.37934101117305,2.32011599715771,2.26709778262632,2.24093002461978,..,..
"Fertility rate, total (births per woman)",SP.DYN.TFRT.IN,Sub-Saharan Africa,SSF,5.72154725011243,5.68557773098448,5.64340819819653,5.59956774268629,5.55929267754771,5.5285194778702,5.49708439540234,5.45923850772502,5.42901091116587,5.36654782188024,5.3019303789705,5.23324886206264,5.15688627486836,5.08463387089497,5.01549596493303,4.95691706410544,4.8971652373664,4.84099038316323,4.78797973957443,4.73425298050517,4.66682427732449,4.60128828278526,..,..
"Fertility rate, total (births per woman)",SP.DYN.TFRT.IN,Sub-Saharan Africa (excluding high income),SSA,5.72206055832825,5.686088240007,5.6439080361656,5.60004078749167,5.55975208367915,5.52893933446131,5.49750689784844,5.45962883683059,5.42938222289725,5.36689526146154,5.30229338374007,5.23356376847398,5.15717948314504,5.08492372500019,5.01577208039613,4.95717610073901,4.89740349510708,4.84121451889414,4.7881921253311,4.73445825950243,4.66702349147494,4.60146259186657,..,..
"Fertility rate, total (births per woman)",SP.DYN.TFRT.IN,Sub-Saharan Africa (IDA & IBRD countries),TSS,5.72154725011243,5.68557773098448,5.64340819819653,5.59956774268629,5.55929267754771,5.5285194778702,5.49708439540234,5.45923850772502,5.42901091116587,5.36654782188024,5.3019303789705,5.23324886206264,5.15688627486836,5.08463387089497,5.01549596493304,4.95691706410544,4.8971652373664,4.84099038316323,4.78797973957443,4.73425298050517,4.66682427732449,4.60128828278526,..,..
"Fertility rate, total (births per woman)",SP.DYN.TFRT.IN,Upper middle income,UMC,1.94270407068689,1.892857640503,1.87568103682494,1.86509272633037,1.88211945166476,1.88646015357121,1.89353821491552,1.90902267609657,1.93206473525243,1.93361970526472,1.91733388353665,1.9129399848323,1.9832358471823,1.93110383076007,1.95831177163488,1.89757054478469,1.92955972669971,1.93231751414112,1.79239758488907,1.74710820014915,1.63140753487471,1.5676413556164,..,..
"Fertility rate, total (births per woman)",SP.DYN.TFRT.IN,World,WLD,2.71846496860982,2.68064786910707,2.65374683882845,2.63003724874443,2.62139879008116,2.6031561062806,2.59527910017808,2.59427028491608,2.59359990782243,2.5797615054047,2.55458173874789,2.53406006630992,2.5496430991073,2.51424842619762,2.5065784810457,2.47790957201916,2.48115559973118,2.45927223821425,2.39740742486869,2.3606087181835,2.29966617574505,2.27316335245758,..,..
,,,,,,,,,,,,,,,,,,,,,,,,,,,
,,,,,,,,,,,,,,,,,,,,,,,,,,,
,,,,,,,,,,,,,,,,,,,,,,,,,,,
Data from database: World Development Indicators,,,,,,,,,,,,,,,,,,,,,,,,,,,
Last Updated: 03/28/2024,,,,,,,,,,,,,,,,,,,,,,,,,,,
Code,License Type,Indicator Name,Long definition,Source,Topic,Periodicity,Aggregation method,Statistical concept and methodology,Development relevance,Limitations and exceptions,General comments,License URL
SP.DYN.TFRT.IN,CC BY-4.0,"Fertility rate, total (births per woman)",Total fertility rate represents the number of children that would be born to a woman if she were to live to the end of her childbearing years and bear children in accordance with age-specific fertility rates of the specified year.,"(1) United Nations Population Division. World Population Prospects: 2022 Revision. (2) Census reports and other statistical publications from national statistical offices, (3) Eurostat: Demographic Statistics, (4) United Nations Statistical Division. Population and Vital Statistics Reprot (various years), (5) U.S. Census Bureau: International Database, and (6) Secretariat of the Pacific Community: Statistics and Demography Programme.",Health: Reproductive health,Annual,Weighted average,"Total fertility rates are based on data on registered live births from vital registration systems or, in the absence of such systems, from censuses or sample surveys. The estimated rates are generally considered reliable measures of fertility in the recent past. Where no empirical information on age-specific fertility rates is available, a model is used to estimate the share of births to adolescents. For countries without vital registration systems fertility rates are generally based on extrapolations from trends observed in censuses or surveys from earlier years.","Reproductive health is a state of physical and mental well-being in relation to the reproductive system and its functions and processes. Means of achieving reproductive health include education and services during pregnancy and childbirth, safe and effective contraception, and prevention and treatment of sexually transmitted diseases. Complications of pregnancy and childbirth are the leading cause of death and disability among women of reproductive age in developing countries.",Annual data series from United Nations Population Division's World Population Prospects are interpolated data from 5-year period data. Therefore they may not reflect real events as much as observed data.,Relevance to gender indicator: it can indicate the status of women within households and a womans decision about the number and spacing of children.,https://datacatalog.worldbank.org/public-licenses#cc-by
