"Data Source","World Development Indicators",

"Last Updated Date","2024-03-28",

"Country Name","Country Code","Indicator Name","Indicator Code","1960","1961","1962","1963","1964","1965","1966","1967","1968","1969","1970","1971","1972","1973","1974","1975","1976","1977","1978","1979","1980","1981","1982","1983","1984","1985","1986","1987","1988","1989","1990","1991","1992","1993","1994","1995","1996","1997","1998","1999","2000","2001","2002","2003","2004","2005","2006","2007","2008","2009","2010","2011","2012","2013","2014","2015","2016","2017","2018","2019","2020","2021","2022","2023",
"Aruba","ABW","Number of maternal deaths","SH.MMR.DTHS","","","","","","","","","","","","","","","","","","","","","","","","","","","","","","","","","","","","","","","","","","","","","","","","","","","","","","","","","","","","","","","","",
"Africa Eastern and Southern","AFE","Number of maternal deaths","SH.MMR.DTHS","","","","","","","","","","","","","","","","","","","","","","","","","","","","","","","","","","","","","","","","","114000","114000","114000","110000","109000","108000","105000","105000","106000","104000","101000","98000","94000","91000","89000","88000","85000","84000","82000","81000","81000","","","",
"Afghanistan","AFG","Number of maternal deaths","SH.MMR.DTHS","","","","","","","","","","","","","","","","","","","","","","","","","","","","","","","","","","","","","","","","","13000","12000","13000","13000","12000","12000","12000","12000","11000","10000","10000","10000","10000","10000","10000","10000","9900","9100","9000","8900","8700","","","",
"Africa Western and Central","AFW","Number of maternal deaths","SH.MMR.DTHS","","","","","","","","","","","","","","","","","","","","","","","","","","","","","","","","","","","","","","","","","108000","108000","109000","109000","110000","111000","112000","115000","118000","120000","123000","121000","123000","125000","127000","125000","127000","127000","129000","129000","125000","","","",
"Angola","AGO","Number of maternal deaths","SH.MMR.DTHS","","","","","","","","","","","","","","","","","","","","","","","","","","","","","","","","","","","","","","","","","6700","6400","6300","5800","5200","5000","4800","4500","4400","4100","3900","3600","3400","3300","3400","3200","3300","3100","2900","2900","2900","","","",
"Albania","ALB","Number of maternal deaths","SH.MMR.DTHS","","","","","","","","","","","","","","","","","","","","","","","","","","","","","","","","","","","","","","","","","8","6","6","6","5","4","4","4","3","3","3","3","3","3","2","2","2","2","2","2","2","","","",
"Andorra","AND","Number of maternal deaths","SH.MMR.DTHS","","","","","","","","","","","","","","","","","","","","","","","","","","","","","","","","","","","","","","","","","","","","","","","","","","","","","","","","","","","","","","","","",
"Arab World","ARB","Number of maternal deaths","SH.MMR.DTHS","","","","","","","","","","","","","","","","","","","","","","","","","","","","","","","","","","","","","","","","","20000","20000","20000","20000","19000","19000","19000","18000","18000","17000","17000","17000","16000","16000","15000","15000","15000","15000","15000","15000","14000","","","",
"United Arab Emirates","ARE","Number of maternal deaths","SH.MMR.DTHS","","","","","","","","","","","","","","","","","","","","","","","","","","","","","","","","","","","","","","","","","12","10","10","8","8","8","8","8","9","10","11","11","10","10","10","10","8","8","8","8","9","","","",
"Argentina","ARG","Number of maternal deaths","SH.MMR.DTHS","","","","","","","","","","","","","","","","","","","","","","","","","","","","","","","","","","","","","","","","","510","510","500","560","520","450","440","450","430","410","410","370","330","320","310","300","300","270","230","220","290","","","",
"Armenia","ARM","Number of maternal deaths","SH.MMR.DTHS","","","","","","","","","","","","","","","","","","","","","","","","","","","","","","","","","","","","","","","","","20","19","18","17","17","15","14","14","13","14","14","13","13","12","13","11","10","10","10","9","10","","","",
"American Samoa","ASM","Number of maternal deaths","SH.MMR.DTHS","","","","","","","","","","","","","","","","","","","","","","","","","","","","","","","","","","","","","","","","","","","","","","","","","","","","","","","","","","","","","","","","",
"Antigua and Barbuda","ATG","Number of maternal deaths","SH.MMR.DTHS","","","","","","","","","","","","","","","","","","","","","","","","","","","","","","","","","","","","","","","","","1","0","0","0","0","0","0","0","0","0","0","0","0","0","0","0","0","0","0","0","0","","","",
"Australia","AUS","Number of maternal deaths","SH.MMR.DTHS","","","","","","","","","","","","","","","","","","","","","","","","","","","","","","","","","","","","","","","","","17","15","14","14","13","12","12","15","15","16","16","18","18","18","16","16","16","15","14","16","9","","","",
"Austria","AUT","Number of maternal deaths","SH.MMR.DTHS","","","","","","","","","","","","","","","","","","","","","","","","","","","","","","","","","","","","","","","","","5","5","5","5","4","5","4","4","4","5","5","5","4","5","5","5","5","4","5","5","4","","","",
"Azerbaijan","AZE","Number of maternal deaths","SH.MMR.DTHS","","","","","","","","","","","","","","","","","","","","","","","","","","","","","","","","","","","","","","","","","78","76","73","71","68","66","61","57","57","60","60","58","57","55","55","54","45","40","39","39","54","","","",
"Burundi","BDI","Number of maternal deaths","SH.MMR.DTHS","","","","","","","","","","","","","","","","","","","","","","","","","","","","","","","","","","","","","","","","","2400","2300","2300","2400","2400","2400","2500","2500","2400","2500","2600","2500","2500","2400","2300","2300","2200","2100","2200","2100","2200","","","",
"Belgium","BEL","Number of maternal deaths","SH.MMR.DTHS","","","","","","","","","","","","","","","","","","","","","","","","","","","","","","","","","","","","","","","","","10","9","9","8","8","8","8","8","8","8","8","7","7","7","6","6","6","6","6","5","5","","","",
"Benin","BEN","Number of maternal deaths","SH.MMR.DTHS","","","","","","","","","","","","","","","","","","","","","","","","","","","","","","","","","","","","","","","","","1400","1400","1600","1600","1700","1700","1700","1700","1800","2100","2200","2300","2400","2500","2500","2500","2600","2600","2500","2400","2500","","","",
"Burkina Faso","BFA","Number of maternal deaths","SH.MMR.DTHS","","","","","","","","","","","","","","","","","","","","","","","","","","","","","","","","","","","","","","","","","2700","2700","2800","2600","2600","2600","2600","2600","2500","2500","2500","2400","2300","2400","2300","2200","2200","2100","2100","2200","2000","","","",
"Bangladesh","BGD","Number of maternal deaths","SH.MMR.DTHS","","","","","","","","","","","","","","","","","","","","","","","","","","","","","","","","","","","","","","","","","17000","16000","16000","15000","14000","14000","12000","13000","12000","11000","9600","9300","7200","6700","6700","6400","6000","5500","5200","4800","3700","","","",
"Bulgaria","BGR","Number of maternal deaths","SH.MMR.DTHS","","","","","","","","","","","","","","","","","","","","","","","","","","","","","","","","","","","","","","","","","16","14","13","12","11","10","9","8","7","8","8","6","5","5","5","5","5","5","5","4","4","","","",
"Bahrain","BHR","Number of maternal deaths","SH.MMR.DTHS","","","","","","","","","","","","","","","","","","","","","","","","","","","","","","","","","","","","","","","","","4","3","4","4","4","4","4","3","3","3","4","4","3","3","3","3","3","3","3","3","3","","","",
"Bahamas, The","BHS","Number of maternal deaths","SH.MMR.DTHS","","","","","","","","","","","","","","","","","","","","","","","","","","","","","","","","","","","","","","","","","4","4","4","4","4","4","4","4","5","5","5","5","5","4","5","4","4","4","4","4","4","","","",
"Bosnia and Herzegovina","BIH","Number of maternal deaths","SH.MMR.DTHS","","","","","","","","","","","","","","","","","","","","","","","","","","","","","","","","","","","","","","","","","7","6","6","5","5","4","4","4","3","3","3","3","2","2","3","2","2","2","2","2","2","","","",
"Belarus","BLR","Number of maternal deaths","SH.MMR.DTHS","","","","","","","","","","","","","","","","","","","","","","","","","","","","","","","","","","","","","","","","","24","22","16","13","10","10","8","6","5","4","3","3","2","2","2","2","1","1","1","1","1","","","",
"Belize","BLZ","Number of maternal deaths","SH.MMR.DTHS","","","","","","","","","","","","","","","","","","","","","","","","","","","","","","","","","","","","","","","","","6","6","5","5","6","5","5","4","3","3","2","2","2","3","3","4","5","6","6","6","9","","","",
"Bermuda","BMU","Number of maternal deaths","SH.MMR.DTHS","","","","","","","","","","","","","","","","","","","","","","","","","","","","","","","","","","","","","","","","","","","","","","","","","","","","","","","","","","","","","","","","",
"Bolivia","BOL","Number of maternal deaths","SH.MMR.DTHS","","","","","","","","","","","","","","","","","","","","","","","","","","","","","","","","","","","","","","","","","730","660","650","640","600","590","570","580","550","490","480","470","470","460","430","430","420","430","450","460","420","","","",
"Brazil","BRA","Number of maternal deaths","SH.MMR.DTHS","","","","","","","","","","","","","","","","","","","","","","","","","","","","","","","","","","","","","","","","","2400","2300","2400","2200","2300","2300","2300","2200","2200","2100","1900","1900","1700","1800","1900","1900","1800","1800","1800","1800","2000","","","",
"Barbados","BRB","Number of maternal deaths","SH.MMR.DTHS","","","","","","","","","","","","","","","","","","","","","","","","","","","","","","","","","","","","","","","","","2","2","2","2","2","2","2","2","2","2","2","2","2","2","1","1","1","1","1","1","1","","","",
"Brunei Darussalam","BRN","Number of maternal deaths","SH.MMR.DTHS","","","","","","","","","","","","","","","","","","","","","","","","","","","","","","","","","","","","","","","","","3","3","3","3","3","3","3","3","3","3","3","3","3","3","3","3","3","3","3","3","3","","","",
"Bhutan","BTN","Number of maternal deaths","SH.MMR.DTHS","","","","","","","","","","","","","","","","","","","","","","","","","","","","","","","","","","","","","","","","","46","39","36","31","29","28","26","21","20","18","16","13","12","11","10","10","8","8","6","6","6","","","",
"Botswana","BWA","Number of maternal deaths","SH.MMR.DTHS","","","","","","","","","","","","","","","","","","","","","","","","","","","","","","","","","","","","","","","","","91","94","89","94","100","110","120","120","130","110","90","130","160","85","110","110","82","67","100","73","120","","","",
"Central African Republic","CAF","Number of maternal deaths","SH.MMR.DTHS","","","","","","","","","","","","","","","","","","","","","","","","","","","","","","","","","","","","","","","","","2100","2100","2100","2200","2100","2100","2100","2100","2100","2200","2100","2100","2000","2000","1900","1800","1800","1900","1900","1900","1900","","","",
"Canada","CAN","Number of maternal deaths","SH.MMR.DTHS","","","","","","","","","","","","","","","","","","","","","","","","","","","","","","","","","","","","","","","","","30","32","34","35","35","38","38","38","48","47","45","44","45","43","44","43","46","47","41","40","41","","","",
"Central Europe and the Baltics","CEB","Number of maternal deaths","SH.MMR.DTHS","","","","","","","","","","","","","","","","","","","","","","","","","","","","","","","","","","","","","","","","","210","190","180","180","170","150","130","120","120","110","100","89","84","79","77","76","77","71","66","61","61","","","",
"Switzerland","CHE","Number of maternal deaths","SH.MMR.DTHS","","","","","","","","","","","","","","","","","","","","","","","","","","","","","","","","","","","","","","","","","6","6","7","6","6","7","7","6","6","6","6","6","6","6","6","6","7","5","6","6","6","","","",
"Channel Islands","CHI","Number of maternal deaths","SH.MMR.DTHS","","","","","","","","","","","","","","","","","","","","","","","","","","","","","","","","","","","","","","","","","","","","","","","","","","","","","","","","","","","","","","","","",
"Chile","CHL","Number of maternal deaths","SH.MMR.DTHS","","","","","","","","","","","","","","","","","","","","","","","","","","","","","","","","","","","","","","","","","80","83","76","76","66","62","67","67","62","59","57","49","46","43","38","38","34","33","34","33","34","","","",
"China","CHN","Number of maternal deaths","SH.MMR.DTHS","","","","","","","","","","","","","","","","","","","","","","","","","","","","","","","","","","","","","","","","","10000","9100","8800","7000","8000","7600","7200","6800","6800","6200","6000","5700","5500","5200","4800","4500","4300","4000","3200","3000","2800","","","",
"Cote d'Ivoire","CIV","Number of maternal deaths","SH.MMR.DTHS","","","","","","","","","","","","","","","","","","","","","","","","","","","","","","","","","","","","","","","","","3600","3800","4000","4200","4200","4300","4600","4700","4700","5000","5000","4900","5000","4800","4600","4500","4700","4600","4700","4400","4400","","","",
"Cameroon","CMR","Number of maternal deaths","SH.MMR.DTHS","","","","","","","","","","","","","","","","","","","","","","","","","","","","","","","","","","","","","","","","","4000","4000","4000","3900","3900","4100","4100","3900","4100","4200","4200","4200","4000","4100","4000","3900","3900","4000","3900","4100","4100","","","",
"Congo, Dem. Rep.","COD","Number of maternal deaths","SH.MMR.DTHS","","","","","","","","","","","","","","","","","","","","","","","","","","","","","","","","","","","","","","","","","15000","15000","15000","16000","16000","16000","16000","17000","17000","17000","18000","18000","19000","19000","19000","20000","20000","21000","20000","21000","22000","","","",
"Congo, Rep.","COG","Number of maternal deaths","SH.MMR.DTHS","","","","","","","","","","","","","","","","","","","","","","","","","","","","","","","","","","","","","","","","","760","780","770","750","710","670","680","650","650","670","670","680","710","640","660","630","620","640","650","520","500","","","",
"Colombia","COL","Number of maternal deaths","SH.MMR.DTHS","","","","","","","","","","","","","","","","","","","","","","","","","","","","","","","","","","","","","","","","","800","810","790","690","680","670","650","650","570","550","530","530","530","520","520","510","510","520","460","480","550","","","",
"Comoros","COM","Number of maternal deaths","SH.MMR.DTHS","","","","","","","","","","","","","","","","","","","","","","","","","","","","","","","","","","","","","","","","","87","83","78","77","75","76","77","75","76","68","70","67","68","65","67","60","61","58","58","57","52","","","",
"Cabo Verde","CPV","Number of maternal deaths","SH.MMR.DTHS","","","","","","","","","","","","","","","","","","","","","","","","","","","","","","","","","","","","","","","","","16","13","12","11","10","9","9","8","8","7","6","5","6","5","5","5","5","4","5","4","4","","","",
"Costa Rica","CRI","Number of maternal deaths","SH.MMR.DTHS","","","","","","","","","","","","","","","","","","","","","","","","","","","","","","","","","","","","","","","","","30","29","27","27","23","22","21","21","21","20","20","18","18","17","17","14","13","13","12","12","14","","","",
"Caribbean small states","CSS","Number of maternal deaths","SH.MMR.DTHS","","","","","","","","","","","","","","","","","","","","","","","","","","","","","","","","","","","","","","","","","140","140","130","130","130","120","120","110","110","110","97","92","91","91","95","92","88","86","80","81","83","","","",
"Cuba","CUB","Number of maternal deaths","SH.MMR.DTHS","","","","","","","","","","","","","","","","","","","","","","","","","","","","","","","","","","","","","","","","","66","63","62","51","51","51","50","51","51","52","53","53","52","51","50","49","48","46","45","44","42","","","",
"Curacao","CUW","Number of maternal deaths","SH.MMR.DTHS","","","","","","","","","","","","","","","","","","","","","","","","","","","","","","","","","","","","","","","","","","","","","","","","","","","","","","","","","","","","","","","","",
"Cayman Islands","CYM","Number of maternal deaths","SH.MMR.DTHS","","","","","","","","","","","","","","","","","","","","","","","","","","","","","","","","","","","","","","","","","","","","","","","","","","","","","","","","","","","","","","","","",
"Cyprus","CYP","Number of maternal deaths","SH.MMR.DTHS","","","","","","","","","","","","","","","","","","","","","","","","","","","","","","","","","","","","","","","","","4","4","4","4","4","3","4","3","3","4","4","4","4","5","5","6","6","6","8","8","9","","","",
"Czechia","CZE","Number of maternal deaths","SH.MMR.DTHS","","","","","","","","","","","","","","","","","","","","","","","","","","","","","","","","","","","","","","","","","7","7","6","6","6","5","5","6","5","5","5","4","4","4","3","4","4","4","4","4","4","","","",
"Germany","DEU","Number of maternal deaths","SH.MMR.DTHS","","","","","","","","","","","","","","","","","","","","","","","","","","","","","","","","","","","","","","","","","54","52","51","50","47","47","36","44","43","43","42","40","38","37","34","34","39","37","37","34","34","","","",
"Djibouti","DJI","Number of maternal deaths","SH.MMR.DTHS","","","","","","","","","","","","","","","","","","","","","","","","","","","","","","","","","","","","","","","","","130","120","120","110","100","92","81","78","77","71","66","64","62","59","57","59","60","59","62","59","56","","","",
"Dominica","DMA","Number of maternal deaths","SH.MMR.DTHS","","","","","","","","","","","","","","","","","","","","","","","","","","","","","","","","","","","","","","","","","","","","","","","","","","","","","","","","","","","","","","","","",
"Denmark","DNK","Number of maternal deaths","SH.MMR.DTHS","","","","","","","","","","","","","","","","","","","","","","","","","","","","","","","","","","","","","","","","","5","5","5","5","5","4","4","5","4","4","4","4","4","3","3","3","3","3","3","3","3","","","",
"Dominican Republic","DOM","Number of maternal deaths","SH.MMR.DTHS","","","","","","","","","","","","","","","","","","","","","","","","","","","","","","","","","","","","","","","","","170","140","150","160","170","180","170","180","190","200","200","200","200","200","210","210","220","220","230","220","220","","","",
"Algeria","DZA","Number of maternal deaths","SH.MMR.DTHS","","","","","","","","","","","","","","","","","","","","","","","","","","","","","","","","","","","","","","","","","960","940","920","980","910","1000","980","960","940","970","980","960","940","910","850","900","900","910","800","760","760","","","",
"East Asia & Pacific (excluding high income)","EAP","Number of maternal deaths","SH.MMR.DTHS","","","","","","","","","","","","","","","","","","","","","","","","","","","","","","","","","","","","","","","","","38000","35000","34000","31000","33000","32000","30000","30000","29000","28000","26000","27000","25000","23000","22000","21000","21000","20000","19000","17000","17000","","","",
"Early-demographic dividend","EAR","Number of maternal deaths","SH.MMR.DTHS","","","","","","","","","","","","","","","","","","","","","","","","","","","","","","","","","","","","","","","","","229000","225000","210000","201000","194000","185000","167000","162000","155000","147000","134000","129000","120000","113000","104000","99000","94000","91000","88000","86000","79000","","","",
"East Asia & Pacific","EAS","Number of maternal deaths","SH.MMR.DTHS","","","","","","","","","","","","","","","","","","","","","","","","","","","","","","","","","","","","","","","","","38000","36000","35000","31000","33000","32000","31000","30000","30000","28000","27000","27000","25000","24000","23000","22000","22000","22000","20000","19000","18000","","","",
"Europe & Central Asia (excluding high income)","ECA","Number of maternal deaths","SH.MMR.DTHS","","","","","","","","","","","","","","","","","","","","","","","","","","","","","","","","","","","","","","","","","2100","1900","1900","1800","1700","1600","1500","1500","1400","1400","1300","1300","1200","1100","1100","1100","1000","930","940","870","1000","","","",
"Europe & Central Asia","ECS","Number of maternal deaths","SH.MMR.DTHS","","","","","","","","","","","","","","","","","","","","","","","","","","","","","","","","","","","","","","","","","2700","2500","2500","2300","2200","2100","2000","1900","1800","1800","1700","1600","1600","1500","1400","1400","1400","1300","1300","1200","1300","","","",
"Ecuador","ECU","Number of maternal deaths","SH.MMR.DTHS","","","","","","","","","","","","","","","","","","","","","","","","","","","","","","","","","","","","","","","","","390","370","360","310","300","300","290","290","280","280","250","240","230","230","200","200","210","210","210","220","200","","","",
"Egypt, Arab Rep.","EGY","Number of maternal deaths","SH.MMR.DTHS","","","","","","","","","","","","","","","","","","","","","","","","","","","","","","","","","","","","","","","","","1500","1500","1400","1300","1300","1200","1100","1000","960","900","910","840","790","750","690","660","550","500","490","440","420","","","",
"Euro area","EMU","Number of maternal deaths","SH.MMR.DTHS","","","","","","","","","","","","","","","","","","","","","","","","","","","","","","","","","","","","","","","","","300","290","280","280","260","260","250","240","250","250","240","240","230","220","210","200","200","200","190","180","180","","","",
"Eritrea","ERI","Number of maternal deaths","SH.MMR.DTHS","","","","","","","","","","","","","","","","","","","","","","","","","","","","","","","","","","","","","","","","","670","590","610","590","590","570","550","540","550","510","510","490","450","440","420","410","390","360","340","340","330","","","",
"Spain","ESP","Number of maternal deaths","SH.MMR.DTHS","","","","","","","","","","","","","","","","","","","","","","","","","","","","","","","","","","","","","","","","","20","20","20","22","20","21","20","20","21","20","19","19","19","18","17","16","16","15","15","11","12","","","",
"Estonia","EST","Number of maternal deaths","SH.MMR.DTHS","","","","","","","","","","","","","","","","","","","","","","","","","","","","","","","","","","","","","","","","","3","3","3","2","2","2","2","2","2","1","1","1","1","1","1","1","1","1","1","1","1","","","",
"Ethiopia","ETH","Number of maternal deaths","SH.MMR.DTHS","","","","","","","","","","","","","","","","","","","","","","","","","","","","","","","","","","","","","","","","","28000","29000","30000","28000","28000","28000","26000","25000","24000","22000","21000","20000","18000","16000","15000","14000","12000","12000","11000","11000","10000","","","",
"European Union","EUU","Number of maternal deaths","SH.MMR.DTHS","","","","","","","","","","","","","","","","","","","","","","","","","","","","","","","","","","","","","","","","","490","470","450","440","420","400","370","350","360","350","340","320","310","290","280","270","270","260","250","240","240","","","",
"Fragile and conflict affected situations","FCS","Number of maternal deaths","SH.MMR.DTHS","","","","","","","","","","","","","","","","","","","","","","","","","","","","","","","","","","","","","","","","","178000","179000","180000","178000","179000","179000","179000","181000","182000","181000","183000","180000","180000","181000","181000","179000","179000","179000","178000","178000","173000","","","",
"Finland","FIN","Number of maternal deaths","SH.MMR.DTHS","","","","","","","","","","","","","","","","","","","","","","","","","","","","","","","","","","","","","","","","","4","4","4","4","4","4","4","4","4","4","4","4","4","4","4","4","4","4","4","4","4","","","",
"Fiji","FJI","Number of maternal deaths","SH.MMR.DTHS","","","","","","","","","","","","","","","","","","","","","","","","","","","","","","","","","","","","","","","","","10","10","10","10","10","10","9","9","9","9","9","8","8","8","8","8","8","7","7","7","7","","","",
"France","FRA","Number of maternal deaths","SH.MMR.DTHS","","","","","","","","","","","","","","","","","","","","","","","","","","","","","","","","","","","","","","","","","72","71","71","69","68","67","77","65","77","77","74","72","70","68","67","57","56","54","55","54","54","","","",
"Faroe Islands","FRO","Number of maternal deaths","SH.MMR.DTHS","","","","","","","","","","","","","","","","","","","","","","","","","","","","","","","","","","","","","","","","","","","","","","","","","","","","","","","","","","","","","","","","",
"Micronesia, Fed. Sts.","FSM","Number of maternal deaths","SH.MMR.DTHS","","","","","","","","","","","","","","","","","","","","","","","","","","","","","","","","","","","","","","","","","2","2","3","2","2","2","2","2","2","1","1","1","1","1","1","1","1","1","1","1","1","","","",
"Gabon","GAB","Number of maternal deaths","SH.MMR.DTHS","","","","","","","","","","","","","","","","","","","","","","","","","","","","","","","","","","","","","","","","","110","100","100","100","100","110","120","120","110","110","110","110","110","120","130","130","140","140","150","140","140","","","",
"United Kingdom","GBR","Number of maternal deaths","SH.MMR.DTHS","","","","","","","","","","","","","","","","","","","","","","","","","","","","","","","","","","","","","","","","","74","74","77","79","79","79","81","82","83","79","76","73","67","65","66","65","66","64","67","65","67","","","",
"Georgia","GEO","Number of maternal deaths","SH.MMR.DTHS","","","","","","","","","","","","","","","","","","","","","","","","","","","","","","","","","","","","","","","","","27","22","21","21","25","23","22","23","23","25","24","22","20","19","17","18","14","14","14","13","14","","","",
"Ghana","GHA","Number of maternal deaths","SH.MMR.DTHS","","","","","","","","","","","","","","","","","","","","","","","","","","","","","","","","","","","","","","","","","3500","3400","3200","3200","3200","3100","2900","2800","2900","2800","2800","2700","2700","2700","2600","2600","2300","2400","2400","2200","2400","","","",
"Gibraltar","GIB","Number of maternal deaths","SH.MMR.DTHS","","","","","","","","","","","","","","","","","","","","","","","","","","","","","","","","","","","","","","","","","","","","","","","","","","","","","","","","","","","","","","","","",
"Guinea","GIN","Number of maternal deaths","SH.MMR.DTHS","","","","","","","","","","","","","","","","","","","","","","","","","","","","","","","","","","","","","","","","","3400","3300","3200","3200","3200","3100","3000","2900","2900","3000","3000","3100","2800","2900","2800","2900","2800","2600","2600","2500","2600","","","",
"Gambia, The","GMB","Number of maternal deaths","SH.MMR.DTHS","","","","","","","","","","","","","","","","","","","","","","","","","","","","","","","","","","","","","","","","","480","480","500","510","510","500","500","520","510","500","500","480","480","500","460","450","430","420","430","410","400","","","",
"Guinea-Bissau","GNB","Number of maternal deaths","SH.MMR.DTHS","","","","","","","","","","","","","","","","","","","","","","","","","","","","","","","","","","","","","","","","","680","640","610","610","560","560","510","500","500","480","480","480","480","470","470","460","420","440","410","450","460","","","",
"Equatorial Guinea","GNQ","Number of maternal deaths","SH.MMR.DTHS","","","","","","","","","","","","","","","","","","","","","","","","","","","","","","","","","","","","","","","","","120","110","110","98","94","88","87","86","90","92","89","84","79","84","95","94","88","95","110","110","110","","","",
"Greece","GRC","Number of maternal deaths","SH.MMR.DTHS","","","","","","","","","","","","","","","","","","","","","","","","","","","","","","","","","","","","","","","","","4","4","4","4","4","4","4","4","4","4","4","4","4","4","4","5","5","5","5","5","6","","","",
"Grenada","GRD","Number of maternal deaths","SH.MMR.DTHS","","","","","","","","","","","","","","","","","","","","","","","","","","","","","","","","","","","","","","","","","1","1","1","1","1","1","1","1","1","1","1","1","1","1","0","0","0","0","0","0","0","","","",
"Greenland","GRL","Number of maternal deaths","SH.MMR.DTHS","","","","","","","","","","","","","","","","","","","","","","","","","","","","","","","","","","","","","","","","","","","","","","","","","","","","","","","","","","","","","","","","",
"Guatemala","GTM","Number of maternal deaths","SH.MMR.DTHS","","","","","","","","","","","","","","","","","","","","","","","","","","","","","","","","","","","","","","","","","620","580","580","590","570","600","540","540","540","500","490","480","480","440","440","440","430","390","400","390","360","","","",
"Guam","GUM","Number of maternal deaths","SH.MMR.DTHS","","","","","","","","","","","","","","","","","","","","","","","","","","","","","","","","","","","","","","","","","","","","","","","","","","","","","","","","","","","","","","","","",
"Guyana","GUY","Number of maternal deaths","SH.MMR.DTHS","","","","","","","","","","","","","","","","","","","","","","","","","","","","","","","","","","","","","","","","","38","36","33","32","31","31","30","29","25","25","24","23","22","21","21","21","20","20","19","19","18","","","",
"High income","HIC","Number of maternal deaths","SH.MMR.DTHS","","","","","","","","","","","","","","","","","","","","","","","","","","","","","","","","","","","","","","","","","1700","1700","1600","1600","1600","1500","1500","1500","1500","1600","1400","1500","1500","1400","1400","1400","1500","1500","1400","1400","1500","","","",
"Hong Kong SAR, China","HKG","Number of maternal deaths","SH.MMR.DTHS","","","","","","","","","","","","","","","","","","","","","","","","","","","","","","","","","","","","","","","","","","","","","","","","","","","","","","","","","","","","","","","","",
"Honduras","HND","Number of maternal deaths","SH.MMR.DTHS","","","","","","","","","","","","","","","","","","","","","","","","","","","","","","","","","","","","","","","","","180","170","170","170","160","170","170","170","180","160","160","150","140","140","140","140","130","140","140","140","160","","","",
"Heavily indebted poor countries (HIPC)","HPC","Number of maternal deaths","SH.MMR.DTHS","","","","","","","","","","","","","","","","","","","","","","","","","","","","","","","","","","","","","","","","","152000","150000","151000","149000","147000","146000","143000","143000","142000","141000","138000","136000","131000","128000","126000","124000","120000","119000","117000","116000","116000","","","",
"Croatia","HRV","Number of maternal deaths","SH.MMR.DTHS","","","","","","","","","","","","","","","","","","","","","","","","","","","","","","","","","","","","","","","","","5","5","5","5","4","4","4","4","4","4","3","3","3","2","2","2","2","2","2","2","2","","","",
"Haiti","HTI","Number of maternal deaths","SH.MMR.DTHS","","","","","","","","","","","","","","","","","","","","","","","","","","","","","","","","","","","","","","","","","1100","1100","1000","980","1100","960","910","970","1000","1100","1100","1200","1000","1100","1000","1100","1100","950","970","950","950","","","",
"Hungary","HUN","Number of maternal deaths","SH.MMR.DTHS","","","","","","","","","","","","","","","","","","","","","","","","","","","","","","","","","","","","","","","","","14","13","13","13","13","13","13","14","14","14","14","14","14","14","14","14","13","14","14","13","14","","","",
"IBRD only","IBD","Number of maternal deaths","SH.MMR.DTHS","","","","","","","","","","","","","","","","","","","","","","","","","","","","","","","","","","","","","","","","","165000","159000","146000","137000","134000","127000","113000","108000","104000","98000","88000","85000","80000","76000","68000","66000","63000","61000","58000","56000","53000","","","",
"IDA & IBRD total","IBT","Number of maternal deaths","SH.MMR.DTHS","","","","","","","","","","","","","","","","","","","","","","","","","","","","","","","","","","","","","","","","","444000","437000","422000","409000","403000","393000","375000","372000","369000","362000","350000","341000","331000","326000","318000","311000","306000","302000","298000","294000","284000","","","",
"IDA total","IDA","Number of maternal deaths","SH.MMR.DTHS","","","","","","","","","","","","","","","","","","","","","","","","","","","","","","","","","","","","","","","","","280000","278000","277000","272000","269000","266000","262000","264000","265000","263000","262000","256000","251000","250000","250000","245000","243000","241000","240000","238000","231000","","","",
"IDA blend","IDB","Number of maternal deaths","SH.MMR.DTHS","","","","","","","","","","","","","","","","","","","","","","","","","","","","","","","","","","","","","","","","","97000","99000","98000","98000","98000","97000","97000","99000","102000","104000","106000","103000","105000","107000","110000","107000","110000","110000","112000","112000","106000","","","",
"Indonesia","IDN","Number of maternal deaths","SH.MMR.DTHS","","","","","","","","","","","","","","","","","","","","","","","","","","","","","","","","","","","","","","","","","14000","13000","13000","13000","13000","13000","12000","12000","13000","12000","11000","12000","10000","9500","9400","9300","9100","9000","8300","7200","7800","","","",
"IDA only","IDX","Number of maternal deaths","SH.MMR.DTHS","","","","","","","","","","","","","","","","","","","","","","","","","","","","","","","","","","","","","","","","","183000","180000","179000","175000","171000","169000","165000","165000","163000","160000","156000","152000","146000","143000","140000","138000","133000","131000","128000","126000","125000","","","",
"Isle of Man","IMN","Number of maternal deaths","SH.MMR.DTHS","","","","","","","","","","","","","","","","","","","","","","","","","","","","","","","","","","","","","","","","","","","","","","","","","","","","","","","","","","","","","","","","",
"India","IND","Number of maternal deaths","SH.MMR.DTHS","","","","","","","","","","","","","","","","","","","","","","","","","","","","","","","","","","","","","","","","","110000","107000","94000","89000","85000","79000","68000","63000","59000","56000","48000","45000","42000","40000","34000","32000","30000","29000","28000","27000","24000","","","",
"Not classified","INX","Number of maternal deaths","SH.MMR.DTHS","","","","","","","","","","","","","","","","","","","","","","","","","","","","","","","","","","","","","","","","","","","","","","","","","","","","","","","","","","","","","","","","",
"Ireland","IRL","Number of maternal deaths","SH.MMR.DTHS","","","","","","","","","","","","","","","","","","","","","","","","","","","","","","","","","","","","","","","","","6","5","5","5","5","5","5","5","6","5","5","5","5","4","4","4","3","3","3","3","3","","","",
"Iran, Islamic Rep.","IRN","Number of maternal deaths","SH.MMR.DTHS","","","","","","","","","","","","","","","","","","","","","","","","","","","","","","","","","","","","","","","","","470","460","450","440","420","340","350","350","420","480","420","360","330","360","330","320","310","290","260","270","270","","","",
"Iraq","IRQ","Number of maternal deaths","SH.MMR.DTHS","","","","","","","","","","","","","","","","","","","","","","","","","","","","","","","","","","","","","","","","","1000","1000","1000","1100","1100","1100","1200","1200","1300","1300","1200","1300","1300","1300","1200","1200","990","890","830","850","900","","","",
"Iceland","ISL","Number of maternal deaths","SH.MMR.DTHS","","","","","","","","","","","","","","","","","","","","","","","","","","","","","","","","","","","","","","","","","0","0","0","0","0","0","0","0","0","0","0","0","0","0","0","0","0","0","0","0","0","","","",
"Israel","ISR","Number of maternal deaths","SH.MMR.DTHS","","","","","","","","","","","","","","","","","","","","","","","","","","","","","","","","","","","","","","","","","11","9","8","7","6","6","6","5","5","5","5","5","5","5","5","5","5","5","5","5","5","","","",
"Italy","ITA","Number of maternal deaths","SH.MMR.DTHS","","","","","","","","","","","","","","","","","","","","","","","","","","","","","","","","","","","","","","","","","54","52","50","48","44","43","41","40","39","40","38","37","36","35","32","31","29","29","21","20","19","","","",
"Jamaica","JAM","Number of maternal deaths","SH.MMR.DTHS","","","","","","","","","","","","","","","","","","","","","","","","","","","","","","","","","","","","","","","","","42","43","42","42","41","41","46","41","43","43","37","34","35","36","39","39","37","37","31","32","33","","","",
"Jordan","JOR","Number of maternal deaths","SH.MMR.DTHS","","","","","","","","","","","","","","","","","","","","","","","","","","","","","","","","","","","","","","","","","97","96","95","95","93","94","93","100","99","100","92","93","94","86","95","100","100","100","100","100","100","","","",
"Japan","JPN","Number of maternal deaths","SH.MMR.DTHS","","","","","","","","","","","","","","","","","","","","","","","","","","","","","","","","","","","","","","","","","100","97","91","87","83","79","74","69","68","65","62","59","56","54","52","49","48","46","46","36","36","","","",
"Kazakhstan","KAZ","Number of maternal deaths","SH.MMR.DTHS","","","","","","","","","","","","","","","","","","","","","","","","","","","","","","","","","","","","","","","","","140","120","120","110","100","100","96","94","93","84","72","63","55","50","52","50","54","52","55","57","57","","","",
"Kenya","KEN","Number of maternal deaths","SH.MMR.DTHS","","","","","","","","","","","","","","","","","","","","","","","","","","","","","","","","","","","","","","","","","6900","7200","7000","6900","6800","6900","7000","7200","7100","6900","7000","6900","6900","7400","7300","7000","7400","7100","7500","7300","7700","","","",
"Kyrgyz Republic","KGZ","Number of maternal deaths","SH.MMR.DTHS","","","","","","","","","","","","","","","","","","","","","","","","","","","","","","","","","","","","","","","","","93","93","92","93","98","99","97","110","110","100","110","100","100","110","100","100","88","87","91","79","81","","","",
"Cambodia","KHM","Number of maternal deaths","SH.MMR.DTHS","","","","","","","","","","","","","","","","","","","","","","","","","","","","","","","","","","","","","","","","","2000","1900","1600","1500","1500","1300","1200","1100","1100","950","940","860","850","790","790","720","670","690","700","700","710","","","",
"Kiribati","KIR","Number of maternal deaths","SH.MMR.DTHS","","","","","","","","","","","","","","","","","","","","","","","","","","","","","","","","","","","","","","","","","3","4","3","3","3","4","3","4","4","4","4","4","4","4","4","4","4","3","3","3","3","","","",
"St. Kitts and Nevis","KNA","Number of maternal deaths","SH.MMR.DTHS","","","","","","","","","","","","","","","","","","","","","","","","","","","","","","","","","","","","","","","","","","","","","","","","","","","","","","","","","","","","","","","","",
"Korea, Rep.","KOR","Number of maternal deaths","SH.MMR.DTHS","","","","","","","","","","","","","","","","","","","","","","","","","","","","","","","","","","","","","","","","","91","82","80","62","58","54","49","47","42","39","37","44","42","31","28","26","24","22","21","19","24","","","",
"Kuwait","KWT","Number of maternal deaths","SH.MMR.DTHS","","","","","","","","","","","","","","","","","","","","","","","","","","","","","","","","","","","","","","","","","4","4","4","4","5","5","5","5","6","6","6","5","5","4","5","4","4","4","4","4","4","","","",
"Latin America & Caribbean (excluding high income)","LAC","Number of maternal deaths","SH.MMR.DTHS","","","","","","","","","","","","","","","","","","","","","","","","","","","","","","","","","","","","","","","","","9600","9400","9200","8800","8900","8600","8400","8400","8200","7900","7600","7500","7100","7100","7000","7100","6900","6700","6700","6700","7100","","","",
"Lao PDR","LAO","Number of maternal deaths","SH.MMR.DTHS","","","","","","","","","","","","","","","","","","","","","","","","","","","","","","","","","","","","","","","","","1000","1000","920","880","810","760","720","640","630","570","480","460","410","390","310","310","280","270","270","250","210","","","",
"Lebanon","LBN","Number of maternal deaths","SH.MMR.DTHS","","","","","","","","","","","","","","","","","","","","","","","","","","","","","","","","","","","","","","","","","28","24","22","22","21","21","17","17","16","16","16","18","18","19","21","23","21","20","18","18","18","","","",
"Liberia","LBR","Number of maternal deaths","SH.MMR.DTHS","","","","","","","","","","","","","","","","","","","","","","","","","","","","","","","","","","","","","","","","","980","960","990","1100","900","900","940","970","950","970","970","1000","1000","1000","1200","1100","1000","1100","1100","1100","1100","","","",
"Libya","LBY","Number of maternal deaths","SH.MMR.DTHS","","","","","","","","","","","","","","","","","","","","","","","","","","","","","","","","","","","","","","","","","62","68","69","66","65","69","73","78","75","82","88","99","85","91","90","93","95","85","86","89","88","","","",
"St. Lucia","LCA","Number of maternal deaths","SH.MMR.DTHS","","","","","","","","","","","","","","","","","","","","","","","","","","","","","","","","","","","","","","","","","3","2","2","2","2","2","2","2","2","2","1","1","2","1","1","2","1","1","1","1","1","","","",
"Latin America & Caribbean","LCN","Number of maternal deaths","SH.MMR.DTHS","","","","","","","","","","","","","","","","","","","","","","","","","","","","","","","","","","","","","","","","","10000","10000","10000","9600","9700","9300","9100","9200","9000","8700","8500","8400","7900","8000","7900","7900","7900","7800","7800","7700","8400","","","",
"Least developed countries: UN classification","LDC","Number of maternal deaths","SH.MMR.DTHS","","","","","","","","","","","","","","","","","","","","","","","","","","","","","","","","","","","","","","","","","181000","178000","177000","172000","168000","166000","161000","161000","159000","155000","151000","148000","141000","138000","136000","133000","129000","127000","123000","122000","120000","","","",
"Low income","LIC","Number of maternal deaths","SH.MMR.DTHS","","","","","","","","","","","","","","","","","","","","","","","","","","","","","","","","","","","","","","","","","125000","124000","125000","122000","121000","120000","117000","116000","114000","112000","111000","110000","107000","105000","103000","102000","99000","98000","96000","95000","96000","","","",
"Liechtenstein","LIE","Number of maternal deaths","SH.MMR.DTHS","","","","","","","","","","","","","","","","","","","","","","","","","","","","","","","","","","","","","","","","","","","","","","","","","","","","","","","","","","","","","","","","",
"Sri Lanka","LKA","Number of maternal deaths","SH.MMR.DTHS","","","","","","","","","","","","","","","","","","","","","","","","","","","","","","","","","","","","","","","","","210","190","190","180","180","160","160","150","150","140","140","130","130","120","110","100","99","100","97","94","89","","","",
"Lower middle income","LMC","Number of maternal deaths","SH.MMR.DTHS","","","","","","","","","","","","","","","","","","","","","","","","","","","","","","","","","","","","","","","","","282000","278000","262000","255000","248000","240000","226000","224000","223000","219000","210000","202000","197000","196000","190000","184000","183000","181000","181000","179000","168000","","","",
"Low & middle income","LMY","Number of maternal deaths","SH.MMR.DTHS","","","","","","","","","","","","","","","","","","","","","","","","","","","","","","","","","","","","","","","","","444000","437000","422000","409000","402000","392000","375000","372000","369000","361000","350000","340000","331000","325000","318000","310000","305000","301000","297000","293000","283000","","","",
"Lesotho","LSO","Number of maternal deaths","SH.MMR.DTHS","","","","","","","","","","","","","","","","","","","","","","","","","","","","","","","","","","","","","","","","","320","340","350","360","320","320","370","410","520","640","600","610","580","510","470","440","400","380","360","380","330","","","",
"Late-demographic dividend","LTE","Number of maternal deaths","SH.MMR.DTHS","","","","","","","","","","","","","","","","","","","","","","","","","","","","","","","","","","","","","","","","","19000","18000","18000","15000","16000","15000","15000","14000","14000","13000","12000","12000","11000","11000","10000","10000","9500","9200","8200","7900","8100","","","",
"Lithuania","LTU","Number of maternal deaths","SH.MMR.DTHS","","","","","","","","","","","","","","","","","","","","","","","","","","","","","","","","","","","","","","","","","6","6","4","4","4","4","4","4","4","3","3","3","3","2","3","3","3","2","2","2","2","","","",
"Luxembourg","LUX","Number of maternal deaths","SH.MMR.DTHS","","","","","","","","","","","","","","","","","","","","","","","","","","","","","","","","","","","","","","","","","1","1","1","1","1","1","1","0","1","1","0","0","1","0","0","0","0","0","0","0","0","","","",
"Latvia","LVA","Number of maternal deaths","SH.MMR.DTHS","","","","","","","","","","","","","","","","","","","","","","","","","","","","","","","","","","","","","","","","","7","6","6","7","7","6","6","6","5","5","5","5","5","4","5","5","5","5","4","4","3","","","",
"Macao SAR, China","MAC","Number of maternal deaths","SH.MMR.DTHS","","","","","","","","","","","","","","","","","","","","","","","","","","","","","","","","","","","","","","","","","","","","","","","","","","","","","","","","","","","","","","","","",
"St. Martin (French part)","MAF","Number of maternal deaths","SH.MMR.DTHS","","","","","","","","","","","","","","","","","","","","","","","","","","","","","","","","","","","","","","","","","","","","","","","","","","","","","","","","","","","","","","","","",
"Morocco","MAR","Number of maternal deaths","SH.MMR.DTHS","","","","","","","","","","","","","","","","","","","","","","","","","","","","","","","","","","","","","","","","","1600","1500","1500","1400","1400","1300","1200","1100","1000","990","930","860","800","760","720","680","580","550","530","510","470","","","",
"Monaco","MCO","Number of maternal deaths","SH.MMR.DTHS","","","","","","","","","","","","","","","","","","","","","","","","","","","","","","","","","","","","","","","","","","","","","","","","","","","","","","","","","","","","","","","","",
"Moldova","MDA","Number of maternal deaths","SH.MMR.DTHS","","","","","","","","","","","","","","","","","","","","","","","","","","","","","","","","","","","","","","","","","24","21","19","17","14","15","14","12","11","10","10","9","9","8","9","8","7","6","6","5","5","","","",
"Madagascar","MDG","Number of maternal deaths","SH.MMR.DTHS","","","","","","","","","","","","","","","","","","","","","","","","","","","","","","","","","","","","","","","","","4300","4200","4300","4300","4200","4100","3900","3900","4000","3900","3900","3800","3700","3600","3700","3900","3700","3600","3600","3500","3500","","","",
"Maldives","MDV","Number of maternal deaths","SH.MMR.DTHS","","","","","","","","","","","","","","","","","","","","","","","","","","","","","","","","","","","","","","","","","7","6","5","5","5","5","5","5","5","5","5","5","4","4","4","4","4","4","4","4","4","","","",
"Middle East & North Africa","MEA","Number of maternal deaths","SH.MMR.DTHS","","","","","","","","","","","","","","","","","","","","","","","","","","","","","","","","","","","","","","","","","8400","8200","7800","7700","7400","7200","7000","6800","6800","6600","6500","6400","6300","6200","5900","6000","5600","5500","5300","5300","5300","","","",
"Mexico","MEX","Number of maternal deaths","SH.MMR.DTHS","","","","","","","","","","","","","","","","","","","","","","","","","","","","","","","","","","","","","","","","","1300","1300","1300","1200","1200","1200","1200","1300","1300","1200","1200","1100","1100","1100","1100","1100","1000","1100","1100","1100","1200","","","",
"Marshall Islands","MHL","Number of maternal deaths","SH.MMR.DTHS","","","","","","","","","","","","","","","","","","","","","","","","","","","","","","","","","","","","","","","","","","","","","","","","","","","","","","","","","","","","","","","","",
"Middle income","MIC","Number of maternal deaths","SH.MMR.DTHS","","","","","","","","","","","","","","","","","","","","","","","","","","","","","","","","","","","","","","","","","319000","313000","297000","287000","282000","273000","258000","256000","254000","249000","238000","231000","224000","220000","215000","208000","206000","203000","201000","198000","188000","","","",
"North Macedonia","MKD","Number of maternal deaths","SH.MMR.DTHS","","","","","","","","","","","","","","","","","","","","","","","","","","","","","","","","","","","","","","","","","3","3","3","3","2","2","2","2","2","2","2","1","1","1","1","1","1","1","1","1","1","","","",
"Mali","MLI","Number of maternal deaths","SH.MMR.DTHS","","","","","","","","","","","","","","","","","","","","","","","","","","","","","","","","","","","","","","","","","3900","3800","3500","3400","3400","3500","3600","3800","4000","3900","4000","4100","4200","4200","4100","4000","3900","3800","3800","3700","3900","","","",
"Malta","MLT","Number of maternal deaths","SH.MMR.DTHS","","","","","","","","","","","","","","","","","","","","","","","","","","","","","","","","","","","","","","","","","0","0","0","0","0","0","0","0","0","0","0","0","0","0","0","0","0","0","0","0","0","","","",
"Myanmar","MMR","Number of maternal deaths","SH.MMR.DTHS","","","","","","","","","","","","","","","","","","","","","","","","","","","","","","","","","","","","","","","","","3900","3400","3400","3300","3400","3300","3300","3200","2800","2700","2800","2700","2700","2500","2500","2300","2300","2300","2000","2000","1700","","","",
"Middle East & North Africa (excluding high income)","MNA","Number of maternal deaths","SH.MMR.DTHS","","","","","","","","","","","","","","","","","","","","","","","","","","","","","","","","","","","","","","","","","8300","8100","7700","7600","7300","7100","6900","6700","6700","6500","6400","6300","6200","6100","5800","5900","5500","5400","5100","5200","5200","","","",
"Montenegro","MNE","Number of maternal deaths","SH.MMR.DTHS","","","","","","","","","","","","","","","","","","","","","","","","","","","","","","","","","","","","","","","","","1","1","1","1","1","1","1","1","1","1","1","1","1","1","0","0","0","0","0","0","0","","","",
"Mongolia","MNG","Number of maternal deaths","SH.MMR.DTHS","","","","","","","","","","","","","","","","","","","","","","","","","","","","","","","","","","","","","","","","","79","71","65","51","47","45","48","45","47","44","41","41","41","39","38","37","36","36","32","30","29","","","",
"Northern Mariana Islands","MNP","Number of maternal deaths","SH.MMR.DTHS","","","","","","","","","","","","","","","","","","","","","","","","","","","","","","","","","","","","","","","","","","","","","","","","","","","","","","","","","","","","","","","","",
"Mozambique","MOZ","Number of maternal deaths","SH.MMR.DTHS","","","","","","","","","","","","","","","","","","","","","","","","","","","","","","","","","","","","","","","","","4100","4000","3700","3600","3500","3400","3400","3300","3400","3300","3100","2900","2700","2500","2500","2400","2100","1900","1800","1700","1500","","","",
"Mauritania","MRT","Number of maternal deaths","SH.MMR.DTHS","","","","","","","","","","","","","","","","","","","","","","","","","","","","","","","","","","","","","","","","","700","680","700","720","720","730","750","750","770","730","740","730","740","710","730","710","680","650","670","640","700","","","",
"Mauritius","MUS","Number of maternal deaths","SH.MMR.DTHS","","","","","","","","","","","","","","","","","","","","","","","","","","","","","","","","","","","","","","","","","10","10","10","9","9","9","8","8","8","8","8","6","7","7","7","7","7","6","7","6","11","","","",
"Malawi","MWI","Number of maternal deaths","SH.MMR.DTHS","","","","","","","","","","","","","","","","","","","","","","","","","","","","","","","","","","","","","","","","","2900","2800","2600","2400","2200","2000","1900","2100","2500","2800","3100","3000","3000","2900","2700","2700","2600","2300","2400","2300","2500","","","",
"Malaysia","MYS","Number of maternal deaths","SH.MMR.DTHS","","","","","","","","","","","","","","","","","","","","","","","","","","","","","","","","","","","","","","","","","210","180","180","150","150","150","150","130","150","140","120","120","120","120","120","120","120","110","110","110","110","","","",
"North America","NAC","Number of maternal deaths","SH.MMR.DTHS","","","","","","","","","","","","","","","","","","","","","","","","","","","","","","","","","","","","","","","","","510","540","550","580","580","590","600","610","640","690","610","650","670","690","720","740","780","790","780","790","810","","","",
"Namibia","NAM","Number of maternal deaths","SH.MMR.DTHS","","","","","","","","","","","","","","","","","","","","","","","","","","","","","","","","","","","","","","","","","260","250","250","250","230","240","240","250","260","280","310","270","240","230","210","210","170","160","150","160","150","","","",
"New Caledonia","NCL","Number of maternal deaths","SH.MMR.DTHS","","","","","","","","","","","","","","","","","","","","","","","","","","","","","","","","","","","","","","","","","","","","","","","","","","","","","","","","","","","","","","","","",
"Niger","NER","Number of maternal deaths","SH.MMR.DTHS","","","","","","","","","","","","","","","","","","","","","","","","","","","","","","","","","","","","","","","","","5300","5500","5600","5700","5500","5400","5300","5200","5100","5100","4800","4800","4800","4700","4600","4600","4600","4400","4500","4400","4900","","","",
"Nigeria","NGA","Number of maternal deaths","SH.MMR.DTHS","","","","","","","","","","","","","","","","","","","","","","","","","","","","","","","","","","","","","","","","","61000","62000","63000","63000","64000","65000","66000","68000","72000","73000","76000","74000","76000","79000","82000","81000","83000","84000","86000","86000","82000","","","",
"Nicaragua","NIC","Number of maternal deaths","SH.MMR.DTHS","","","","","","","","","","","","","","","","","","","","","","","","","","","","","","","","","","","","","","","","","240","240","230","230","230","220","190","170","160","150","140","130","130","130","120","110","110","110","110","110","110","","","",
"Netherlands","NLD","Number of maternal deaths","SH.MMR.DTHS","","","","","","","","","","","","","","","","","","","","","","","","","","","","","","","","","","","","","","","","","27","25","25","23","21","19","17","15","14","13","12","12","11","10","9","9","9","9","7","7","7","","","",
"Norway","NOR","Number of maternal deaths","SH.MMR.DTHS","","","","","","","","","","","","","","","","","","","","","","","","","","","","","","","","","","","","","","","","","3","3","3","3","3","3","3","3","3","3","2","2","2","2","2","1","1","1","1","1","1","","","",
"Nepal","NPL","Number of maternal deaths","SH.MMR.DTHS","","","","","","","","","","","","","","","","","","","","","","","","","","","","","","","","","","","","","","","","","3800","3600","3400","3100","2800","2600","2400","2300","2200","2100","2200","1800","1800","1600","1600","1500","1400","1300","1200","1100","1100","","","",
"Nauru","NRU","Number of maternal deaths","SH.MMR.DTHS","","","","","","","","","","","","","","","","","","","","","","","","","","","","","","","","","","","","","","","","","","","","","","","","","","","","","","","","","","","","","","","","",
"New Zealand","NZL","Number of maternal deaths","SH.MMR.DTHS","","","","","","","","","","","","","","","","","","","","","","","","","","","","","","","","","","","","","","","","","6","6","6","6","7","6","6","6","6","6","6","6","6","5","5","5","5","5","4","5","4","","","",
"OECD members","OED","Number of maternal deaths","SH.MMR.DTHS","","","","","","","","","","","","","","","","","","","","","","","","","","","","","","","","","","","","","","","","","3900","3900","3800","3500","3500","3400","3400","3400","3400","3300","3200","3200","3100","3100","3100","3100","3100","3100","3000","3000","3100","","","",
"Oman","OMN","Number of maternal deaths","SH.MMR.DTHS","","","","","","","","","","","","","","","","","","","","","","","","","","","","","","","","","","","","","","","","","11","11","12","11","11","11","11","12","12","12","12","12","13","13","13","13","13","14","15","14","15","","","",
"Other small states","OSS","Number of maternal deaths","SH.MMR.DTHS","","","","","","","","","","","","","","","","","","","","","","","","","","","","","","","","","","","","","","","","","2800","2800","2700","2700","2600","2600","2600","2600","2700","2800","2700","2700","2600","2500","2400","2300","2100","2000","2000","2000","2000","","","",
"Pakistan","PAK","Number of maternal deaths","SH.MMR.DTHS","","","","","","","","","","","","","","","","","","","","","","","","","","","","","","","","","","","","","","","","","21000","21000","20000","20000","19000","17000","16000","15000","15000","15000","14000","14000","14000","13000","13000","12000","12000","11000","11000","11000","9800","","","",
"Panama","PAN","Number of maternal deaths","SH.MMR.DTHS","","","","","","","","","","","","","","","","","","","","","","","","","","","","","","","","","","","","","","","","","47","45","45","44","44","39","40","40","41","41","42","42","42","41","40","39","38","39","37","39","38","","","",
"Peru","PER","Number of maternal deaths","SH.MMR.DTHS","","","","","","","","","","","","","","","","","","","","","","","","","","","","","","","","","","","","","","","","","720","650","630","600","630","610","570","550","520","500","470","450","430","420","380","380","350","350","360","430","410","","","",
"Philippines","PHL","Number of maternal deaths","SH.MMR.DTHS","","","","","","","","","","","","","","","","","","","","","","","","","","","","","","","","","","","","","","","","","2900","3100","2900","2900","2900","2900","2900","2800","2600","2600","2500","2500","2500","2500","2200","2100","2100","2000","2000","2000","1900","","","",
"Palau","PLW","Number of maternal deaths","SH.MMR.DTHS","","","","","","","","","","","","","","","","","","","","","","","","","","","","","","","","","","","","","","","","","","","","","","","","","","","","","","","","","","","","","","","","",
"Papua New Guinea","PNG","Number of maternal deaths","SH.MMR.DTHS","","","","","","","","","","","","","","","","","","","","","","","","","","","","","","","","","","","","","","","","","580","610","640","670","640","660","690","730","650","650","660","610","610","560","550","510","510","520","500","480","490","","","",
"Poland","POL","Number of maternal deaths","SH.MMR.DTHS","","","","","","","","","","","","","","","","","","","","","","","","","","","","","","","","","","","","","","","","","30","26","23","21","19","18","16","15","14","12","11","10","9","9","8","8","8","8","7","7","7","","","",
"Pre-demographic dividend","PRE","Number of maternal deaths","SH.MMR.DTHS","","","","","","","","","","","","","","","","","","","","","","","","","","","","","","","","","","","","","","","","","196000","195000","196000","194000","193000","194000","195000","197000","201000","202000","204000","200000","200000","202000","204000","202000","203000","201000","202000","201000","198000","","","",
"Puerto Rico","PRI","Number of maternal deaths","SH.MMR.DTHS","","","","","","","","","","","","","","","","","","","","","","","","","","","","","","","","","","","","","","","","","13","13","12","11","10","10","10","10","9","9","9","9","7","7","6","6","5","4","4","5","9","","","",
"Korea, Dem. People's Rep.","PRK","Number of maternal deaths","SH.MMR.DTHS","","","","","","","","","","","","","","","","","","","","","","","","","","","","","","","","","","","","","","","","","760","690","720","450","470","430","450","470","480","440","410","380","350","320","290","370","370","370","370","370","370","","","",
"Portugal","PRT","Number of maternal deaths","SH.MMR.DTHS","","","","","","","","","","","","","","","","","","","","","","","","","","","","","","","","","","","","","","","","","13","11","10","10","10","10","9","9","10","10","10","9","9","7","7","9","9","10","10","10","10","","","",
"Paraguay","PRY","Number of maternal deaths","SH.MMR.DTHS","","","","","","","","","","","","","","","","","","","","","","","","","","","","","","","","","","","","","","","","","210","200","180","170","170","170","150","150","140","140","130","130","110","110","110","110","96","96","98","97","99","","","",
"West Bank and Gaza","PSE","Number of maternal deaths","SH.MMR.DTHS","","","","","","","","","","","","","","","","","","","","","","","","","","","","","","","","","","","","","","","","","75","79","78","74","75","68","68","64","63","62","59","56","49","45","43","39","36","31","30","29","30","","","",
"Pacific island small states","PSS","Number of maternal deaths","SH.MMR.DTHS","","","","","","","","","","","","","","","","","","","","","","","","","","","","","","","","","","","","","","","","","52","53","54","54","54","53","53","54","54","54","54","54","54","55","55","55","53","53","53","53","52","","","",
"Post-demographic dividend","PST","Number of maternal deaths","SH.MMR.DTHS","","","","","","","","","","","","","","","","","","","","","","","","","","","","","","","","","","","","","","","","","1400","1400","1300","1300","1300","1300","1300","1300","1300","1300","1200","1300","1300","1300","1200","1200","1300","1300","1200","1200","1300","","","",
"French Polynesia","PYF","Number of maternal deaths","SH.MMR.DTHS","","","","","","","","","","","","","","","","","","","","","","","","","","","","","","","","","","","","","","","","","","","","","","","","","","","","","","","","","","","","","","","","",
"Qatar","QAT","Number of maternal deaths","SH.MMR.DTHS","","","","","","","","","","","","","","","","","","","","","","","","","","","","","","","","","","","","","","","","","3","3","3","3","3","2","2","2","2","2","2","2","2","2","2","2","2","2","2","2","2","","","",
"Romania","ROU","Number of maternal deaths","SH.MMR.DTHS","","","","","","","","","","","","","","","","","","","","","","","","","","","","","","","","","","","","","","","","","110","100","100","110","100","84","70","58","57","52","50","39","37","33","31","31","34","28","24","21","20","","","",
"Russian Federation","RUS","Number of maternal deaths","SH.MMR.DTHS","","","","","","","","","","","","","","","","","","","","","","","","","","","","","","","","","","","","","","","","","680","600","690","620","530","470","410","360","320","340","310","270","240","210","190","200","160","150","140","110","200","","","",
"Rwanda","RWA","Number of maternal deaths","SH.MMR.DTHS","","","","","","","","","","","","","","","","","","","","","","","","","","","","","","","","","","","","","","","","","3400","3000","2800","2500","2100","1900","1700","1700","1600","1400","1400","1300","1200","1200","1100","1200","1100","1100","1100","1100","1000","","","",
"South Asia","SAS","Number of maternal deaths","SH.MMR.DTHS","","","","","","","","","","","","","","","","","","","","","","","","","","","","","","","","","","","","","","","","","165000","161000","147000","140000","133000","125000","110000","106000","99000","94000","84000","80000","75000","72000","65000","62000","59000","56000","55000","54000","47000","","","",
"Saudi Arabia","SAU","Number of maternal deaths","SH.MMR.DTHS","","","","","","","","","","","","","","","","","","","","","","","","","","","","","","","","","","","","","","","","","130","120","120","110","100","95","99","110","100","110","98","100","100","93","97","100","100","110","110","120","110","","","",
"Sudan","SDN","Number of maternal deaths","SH.MMR.DTHS","","","","","","","","","","","","","","","","","","","","","","","","","","","","","","","","","","","","","","","","","6400","6500","6500","6200","5900","5600","5500","5100","5400","4900","4900","4500","4200","4200","4000","4100","4300","4200","4300","4500","4100","","","",
"Senegal","SEN","Number of maternal deaths","SH.MMR.DTHS","","","","","","","","","","","","","","","","","","","","","","","","","","","","","","","","","","","","","","","","","2400","2300","2400","2300","2300","2200","2100","2100","2200","2200","2100","2000","1900","1800","1800","1600","1400","1400","1500","1400","1400","","","",
"Singapore","SGP","Number of maternal deaths","SH.MMR.DTHS","","","","","","","","","","","","","","","","","","","","","","","","","","","","","","","","","","","","","","","","","8","7","7","6","6","6","5","5","5","4","4","4","4","3","4","4","3","3","3","2","3","","","",
"Solomon Islands","SLB","Number of maternal deaths","SH.MMR.DTHS","","","","","","","","","","","","","","","","","","","","","","","","","","","","","","","","","","","","","","","","","23","24","24","25","25","24","25","26","26","26","26","27","27","28","28","28","27","27","27","27","26","","","",
"Sierra Leone","SLE","Number of maternal deaths","SH.MMR.DTHS","","","","","","","","","","","","","","","","","","","","","","","","","","","","","","","","","","","","","","","","","3400","3400","3400","3400","3200","3100","3000","2700","2400","2200","2100","1800","1700","1600","1600","1500","1300","1300","1200","1100","1200","","","",
"El Salvador","SLV","Number of maternal deaths","SH.MMR.DTHS","","","","","","","","","","","","","","","","","","","","","","","","","","","","","","","","","","","","","","","","","81","75","58","55","47","46","45","45","41","43","43","44","44","46","49","51","47","48","46","40","44","","","",
"San Marino","SMR","Number of maternal deaths","SH.MMR.DTHS","","","","","","","","","","","","","","","","","","","","","","","","","","","","","","","","","","","","","","","","","","","","","","","","","","","","","","","","","","","","","","","","",
"Somalia","SOM","Number of maternal deaths","SH.MMR.DTHS","","","","","","","","","","","","","","","","","","","","","","","","","","","","","","","","","","","","","","","","","4800","4900","5100","5300","5500","5500","5600","5700","5600","5400","5500","5500","5100","5000","4900","4900","4700","4600","4500","4300","4500","","","",
"Serbia","SRB","Number of maternal deaths","SH.MMR.DTHS","","","","","","","","","","","","","","","","","","","","","","","","","","","","","","","","","","","","","","","","","14","12","12","12","11","11","10","10","10","10","10","10","10","9","9","9","8","8","8","7","7","","","",
"Sub-Saharan Africa (excluding high income)","SSA","Number of maternal deaths","SH.MMR.DTHS","","","","","","","","","","","","","","","","","","","","","","","","","","","","","","","","","","","","","","","","","221000","222000","223000","219000","219000","219000","218000","220000","224000","224000","224000","219000","216000","216000","216000","213000","212000","212000","211000","210000","206000","","","",
"South Sudan","SSD","Number of maternal deaths","SH.MMR.DTHS","","","","","","","","","","","","","","","","","","","","","","","","","","","","","","","","","","","","","","","","","5300","5300","5500","4600","4500","4400","4300","4000","4100","4100","4100","4300","4500","4900","5200","5000","5200","4500","4100","3800","3800","","","",
"Sub-Saharan Africa","SSF","Number of maternal deaths","SH.MMR.DTHS","","","","","","","","","","","","","","","","","","","","","","","","","","","","","","","","","","","","","","","","","221000","222000","223000","219000","219000","219000","218000","220000","224000","224000","224000","219000","216000","216000","216000","213000","212000","212000","211000","210000","206000","","","",
"Small states","SST","Number of maternal deaths","SH.MMR.DTHS","","","","","","","","","","","","","","","","","","","","","","","","","","","","","","","","","","","","","","","","","3000","3000","2900","2900","2800","2800","2800","2800","2900","3000","2900","2800","2800","2600","2500","2400","2200","2200","2200","2100","2100","","","",
"Sao Tome and Principe","STP","Number of maternal deaths","SH.MMR.DTHS","","","","","","","","","","","","","","","","","","","","","","","","","","","","","","","","","","","","","","","","","11","11","10","10","10","10","10","10","10","11","11","13","11","11","10","10","10","9","9","9","9","","","",
"Suriname","SUR","Number of maternal deaths","SH.MMR.DTHS","","","","","","","","","","","","","","","","","","","","","","","","","","","","","","","","","","","","","","","","","33","33","31","30","27","23","21","20","19","17","15","14","14","15","15","14","12","11","11","11","11","","","",
"Slovak Republic","SVK","Number of maternal deaths","SH.MMR.DTHS","","","","","","","","","","","","","","","","","","","","","","","","","","","","","","","","","","","","","","","","","5","5","4","4","4","4","4","4","3","3","3","3","3","3","3","3","3","3","3","3","3","","","",
"Slovenia","SVN","Number of maternal deaths","SH.MMR.DTHS","","","","","","","","","","","","","","","","","","","","","","","","","","","","","","","","","","","","","","","","","2","2","2","1","2","2","1","1","1","2","1","1","1","1","1","1","1","1","1","1","1","","","",
"Sweden","SWE","Number of maternal deaths","SH.MMR.DTHS","","","","","","","","","","","","","","","","","","","","","","","","","","","","","","","","","","","","","","","","","6","5","5","6","5","5","5","5","5","6","5","5","6","6","5","5","5","5","5","5","5","","","",
"Eswatini","SWZ","Number of maternal deaths","SH.MMR.DTHS","","","","","","","","","","","","","","","","","","","","","","","","","","","","","","","","","","","","","","","","","190","200","200","220","230","230","220","230","240","270","220","210","200","170","140","110","85","73","65","66","69","","","",
"Sint Maarten (Dutch part)","SXM","Number of maternal deaths","SH.MMR.DTHS","","","","","","","","","","","","","","","","","","","","","","","","","","","","","","","","","","","","","","","","","","","","","","","","","","","","","","","","","","","","","","","","",
"Seychelles","SYC","Number of maternal deaths","SH.MMR.DTHS","","","","","","","","","","","","","","","","","","","","","","","","","","","","","","","","","","","","","","","","","0","0","0","0","0","0","0","0","0","0","0","0","0","0","0","0","0","0","0","0","0","","","",
"Syrian Arab Republic","SYR","Number of maternal deaths","SH.MMR.DTHS","","","","","","","","","","","","","","","","","","","","","","","","","","","","","","","","","","","","","","","","","170","150","140","130","140","130","120","130","150","130","140","150","160","160","140","120","100","110","110","120","120","","","",
"Turks and Caicos Islands","TCA","Number of maternal deaths","SH.MMR.DTHS","","","","","","","","","","","","","","","","","","","","","","","","","","","","","","","","","","","","","","","","","","","","","","","","","","","","","","","","","","","","","","","","",
"Chad","TCD","Number of maternal deaths","SH.MMR.DTHS","","","","","","","","","","","","","","","","","","","","","","","","","","","","","","","","","","","","","","","","","5800","5900","5700","5700","5900","6200","6500","6700","6800","7400","7600","7600","7600","7600","7300","7400","7600","7400","7400","7500","7800","","","",
"East Asia & Pacific (IDA & IBRD countries)","TEA","Number of maternal deaths","SH.MMR.DTHS","","","","","","","","","","","","","","","","","","","","","","","","","","","","","","","","","","","","","","","","","37000","34000","34000","31000","32000","31000","30000","29000","29000","27000","26000","26000","24000","23000","22000","21000","21000","20000","18000","17000","17000","","","",
"Europe & Central Asia (IDA & IBRD countries)","TEC","Number of maternal deaths","SH.MMR.DTHS","","","","","","","","","","","","","","","","","","","","","","","","","","","","","","","","","","","","","","","","","2300","2100","2100","1900","1800","1700","1600","1500","1500","1400","1400","1300","1200","1200","1100","1100","1100","970","970","900","1000","","","",
"Togo","TGO","Number of maternal deaths","SH.MMR.DTHS","","","","","","","","","","","","","","","","","","","","","","","","","","","","","","","","","","","","","","","","","930","950","940","950","1000","1100","1100","1200","1200","1200","1300","1200","1300","1200","1200","1100","1100","1100","1200","1100","1100","","","",
"Thailand","THA","Number of maternal deaths","SH.MMR.DTHS","","","","","","","","","","","","","","","","","","","","","","","","","","","","","","","","","","","","","","","","","410","400","330","330","350","330","310","310","310","300","290","280","260","250","240","220","210","200","200","190","190","","","",
"Tajikistan","TJK","Number of maternal deaths","SH.MMR.DTHS","","","","","","","","","","","","","","","","","","","","","","","","","","","","","","","","","","","","","","","","","140","120","110","96","91","88","83","81","76","71","76","70","66","61","57","54","52","47","45","43","44","","","",
"Turkmenistan","TKM","Number of maternal deaths","SH.MMR.DTHS","","","","","","","","","","","","","","","","","","","","","","","","","","","","","","","","","","","","","","","","","28","27","23","21","19","18","16","15","13","13","12","11","11","10","9","9","8","7","7","7","7","","","",
"Latin America & the Caribbean (IDA & IBRD countries)","TLA","Number of maternal deaths","SH.MMR.DTHS","","","","","","","","","","","","","","","","","","","","","","","","","","","","","","","","","","","","","","","","","10000","10000","9900","9600","9600","9300","9100","9100","9000","8600","8400","8300","7900","7900","7800","7900","7800","7800","7700","7700","8300","","","",
"Timor-Leste","TLS","Number of maternal deaths","SH.MMR.DTHS","","","","","","","","","","","","","","","","","","","","","","","","","","","","","","","","","","","","","","","","","260","260","250","230","220","200","190","170","160","150","130","120","110","110","96","94","87","85","82","74","67","","","",
"Middle East & North Africa (IDA & IBRD countries)","TMN","Number of maternal deaths","SH.MMR.DTHS","","","","","","","","","","","","","","","","","","","","","","","","","","","","","","","","","","","","","","","","","8200","8000","7700","7500","7300","7000","6800","6600","6600","6500","6300","6200","6100","6000","5800","5800","5500","5400","5100","5100","5100","","","",
"Tonga","TON","Number of maternal deaths","SH.MMR.DTHS","","","","","","","","","","","","","","","","","","","","","","","","","","","","","","","","","","","","","","","","","3","3","3","3","3","3","3","3","3","3","3","3","3","3","3","3","3","3","3","3","3","","","",
"South Asia (IDA & IBRD)","TSA","Number of maternal deaths","SH.MMR.DTHS","","","","","","","","","","","","","","","","","","","","","","","","","","","","","","","","","","","","","","","","","165000","161000","147000","140000","133000","125000","110000","106000","99000","94000","84000","80000","75000","72000","65000","62000","59000","56000","55000","54000","47000","","","",
"Sub-Saharan Africa (IDA & IBRD countries)","TSS","Number of maternal deaths","SH.MMR.DTHS","","","","","","","","","","","","","","","","","","","","","","","","","","","","","","","","","","","","","","","","","221000","222000","223000","219000","219000","219000","218000","220000","224000","224000","224000","219000","216000","216000","216000","213000","212000","212000","211000","210000","206000","","","",
"Trinidad and Tobago","TTO","Number of maternal deaths","SH.MMR.DTHS","","","","","","","","","","","","","","","","","","","","","","","","","","","","","","","","","","","","","","","","","15","13","12","13","11","11","12","11","11","9","10","9","9","8","7","6","6","5","5","5","5","","","",
"Tunisia","TUN","Number of maternal deaths","SH.MMR.DTHS","","","","","","","","","","","","","","","","","","","","","","","","","","","","","","","","","","","","","","","","","100","100","100","100","100","99","97","95","93","90","87","96","93","91","90","88","83","83","83","83","74","","","",
"Turkiye","TUR","Number of maternal deaths","SH.MMR.DTHS","","","","","","","","","","","","","","","","","","","","","","","","","","","","","","","","","","","","","","","","","440","430","370","360","340","330","320","310","300","290","290","300","280","270","270","280","280","240","230","220","220","","","",
"Tuvalu","TUV","Number of maternal deaths","SH.MMR.DTHS","","","","","","","","","","","","","","","","","","","","","","","","","","","","","","","","","","","","","","","","","","","","","","","","","","","","","","","","","","","","","","","","",
"Tanzania","TZA","Number of maternal deaths","SH.MMR.DTHS","","","","","","","","","","","","","","","","","","","","","","","","","","","","","","","","","","","","","","","","","11000","11000","10000","9800","9500","9300","9300","9700","11000","9900","8700","8300","7200","7200","7000","6700","6200","6000","5800","5800","5400","","","",
"Uganda","UGA","Number of maternal deaths","SH.MMR.DTHS","","","","","","","","","","","","","","","","","","","","","","","","","","","","","","","","","","","","","","","","","5400","5400","5500","5600","5600","5600","5400","5100","5300","5400","5200","5100","4800","4500","4800","4700","4700","4800","4500","4700","4700","","","",
"Ukraine","UKR","Number of maternal deaths","SH.MMR.DTHS","","","","","","","","","","","","","","","","","","","","","","","","","","","","","","","","","","","","","","","","","140","120","110","100","93","89","100","100","96","88","84","76","87","83","60","54","47","44","43","33","56","","","",
"Upper middle income","UMC","Number of maternal deaths","SH.MMR.DTHS","","","","","","","","","","","","","","","","","","","","","","","","","","","","","","","","","","","","","","","","","37000","35000","35000","32000","34000","33000","32000","32000","32000","30000","28000","29000","26000","25000","24000","24000","23000","22000","20000","19000","20000","","","",
"Uruguay","URY","Number of maternal deaths","SH.MMR.DTHS","","","","","","","","","","","","","","","","","","","","","","","","","","","","","","","","","","","","","","","","","14","12","12","11","11","10","10","9","9","9","9","8","8","8","8","8","8","7","7","7","7","","","",
"United States","USA","Number of maternal deaths","SH.MMR.DTHS","","","","","","","","","","","","","","","","","","","","","","","","","","","","","","","","","","","","","","","","","480","510","520","540","540","550","560","570","600","640","570","610","630","650","670","690","730","740","740","750","770","","","",
"Uzbekistan","UZB","Number of maternal deaths","SH.MMR.DTHS","","","","","","","","","","","","","","","","","","","","","","","","","","","","","","","","","","","","","","","","","240","220","230","230","230","250","250","250","240","250","240","240","240","230","220","220","220","220","240","240","250","","","",
"St. Vincent and the Grenadines","VCT","Number of maternal deaths","SH.MMR.DTHS","","","","","","","","","","","","","","","","","","","","","","","","","","","","","","","","","","","","","","","","","2","1","1","1","1","1","1","1","1","1","1","1","1","1","1","1","1","1","1","1","1","","","",
"Venezuela, RB","VEN","Number of maternal deaths","SH.MMR.DTHS","","","","","","","","","","","","","","","","","","","","","","","","","","","","","","","","","","","","","","","","","540","630","590","640","630","570","570","580","630","660","670","710","700","740","700","740","880","1000","980","880","1200","","","",
"British Virgin Islands","VGB","Number of maternal deaths","SH.MMR.DTHS","","","","","","","","","","","","","","","","","","","","","","","","","","","","","","","","","","","","","","","","","","","","","","","","","","","","","","","","","","","","","","","","",
"Virgin Islands (U.S.)","VIR","Number of maternal deaths","SH.MMR.DTHS","","","","","","","","","","","","","","","","","","","","","","","","","","","","","","","","","","","","","","","","","","","","","","","","","","","","","","","","","","","","","","","","",
"Viet Nam","VNM","Number of maternal deaths","SH.MMR.DTHS","","","","","","","","","","","","","","","","","","","","","","","","","","","","","","","","","","","","","","","","","1300","1100","1100","1000","980","960","940","920","910","900","890","870","860","840","820","800","790","780","770","760","677","","","",
"Vanuatu","VUT","Number of maternal deaths","SH.MMR.DTHS","","","","","","","","","","","","","","","","","","","","","","","","","","","","","","","","","","","","","","","","","7","7","7","7","7","7","7","7","7","7","7","8","8","8","8","8","8","8","9","8","8","","","",
"World","WLD","Number of maternal deaths","SH.MMR.DTHS","","","","","","","","","","","","","","","","","","","","","","","","","","","","","","","","","","","","","","","","","447000","440000","425000","411000","405000","395000","377000","374000","371000","364000","352000","343000","333000","328000","321000","313000","309000","304000","301000","297000","287000","","","",
"Samoa","WSM","Number of maternal deaths","SH.MMR.DTHS","","","","","","","","","","","","","","","","","","","","","","","","","","","","","","","","","","","","","","","","","4","4","4","4","4","4","3","4","4","4","4","4","4","3","4","3","3","4","3","4","4","","","",
"Kosovo","XKX","Number of maternal deaths","SH.MMR.DTHS","","","","","","","","","","","","","","","","","","","","","","","","","","","","","","","","","","","","","","","","","","","","","","","","","","","","","","","","","","","","","","","","",
"Yemen, Rep.","YEM","Number of maternal deaths","SH.MMR.DTHS","","","","","","","","","","","","","","","","","","","","","","","","","","","","","","","","","","","","","","","","","2100","2000","1800","1700","1700","1600","1500","1400","1400","1400","1400","1400","1500","1400","1500","1600","1700","1800","1700","1800","1900","","","",
"South Africa","ZAF","Number of maternal deaths","SH.MMR.DTHS","","","","","","","","","","","","","","","","","","","","","","","","","","","","","","","","","","","","","","","","","1700","1600","1800","2000","2400","2400","2300","2500","2600","2600","2500","2300","2000","1800","1700","1700","1500","1600","1500","1500","1500","","","",
"Zambia","ZMB","Number of maternal deaths","SH.MMR.DTHS","","","","","","","","","","","","","","","","","","","","","","","","","","","","","","","","","","","","","","","","","1900","1700","1600","1500","1500","1600","1600","1600","1800","1800","1500","1400","1300","1200","1000","1000","970","990","930","840","890","","","",
"Zimbabwe","ZWE","Number of maternal deaths","SH.MMR.DTHS","","","","","","","","","","","","","","","","","","","","","","","","","","","","","","","","","","","","","","","","","1600","2500","1900","2300","2100","2300","2400","2900","3100","3100","3000","2700","2600","2400","2200","2000","1900","1800","1700","1900","1700","","","",
